lon,lat,yld_vol_dr,elevation_
-97.111366,41.249968,39.7665,1638.1234
-97.1114,41.249985,33.9884,1638.1234
-97.111432,41.250002,36.9052,1637.7953
-97.111464,41.250021,35.7512,1637.7953
-97.111495,41.25004,45.3051,1637.7953
-97.111529,41.25006,40.9759,1637.4672
-97.111562,41.250078,42.2328,1637.4672
-97.111596,41.250096,33.052,1636.811
-97.111628,41.250116,27.2768,1636.4829
-97.111661,41.250135,22.8672,1635.8268
-97.111693,41.250152,29.3587,1635.8268
-97.111727,41.250169,41.077,1635.4987
-97.111759,41.250186,50.1829,1635.8268
-97.111792,41.250201,40.4339,1636.1549
-97.111825,41.250216,46.1528,1636.4829
-97.111854,41.250231,36.72,1636.4829
-97.111882,41.250244,30.033,1636.811
-97.111904,41.250258,34.6817,1636.811
-97.111916,41.250271,62.8172,1636.811
-97.111931,41.250288,41.2592,1636.4829
-97.111944,41.250306,45.5642,1636.1549
-97.111961,41.25032,53.4384,1636.4829
-97.111984,41.250336,51.4597,1636.1549
-97.112016,41.25035,41.0978,1635.8268
-97.112049,41.250364,36.9882,1635.1706
-97.112081,41.250379,32.7396,1634.8425
-97.112111,41.250392,35.1407,1634.1864
-97.112143,41.250403,37.5943,1633.5302
-97.112177,41.250412,45.4129,1633.8583
-97.112214,41.250422,35.7822,1633.5302
-97.11225,41.250434,41.6115,1633.5302
-97.112286,41.250446,40.7243,1633.5302
-97.112322,41.250459,35.3608,1633.5302
-97.112354,41.250476,37.1032,1633.5302
-97.112387,41.25049,46.3404,1633.8583
-97.11242,41.250504,39.2798,1633.8583
-97.112453,41.250518,40.1228,1634.5144
-97.112484,41.250535,35.3959,1634.8425
-97.112515,41.250551,34.0725,1635.8268
-97.112544,41.250568,29.2294,1635.4987
-97.112576,41.250581,28.9479,1636.1549
-97.112609,41.250595,33.1311,1636.811
-97.112641,41.250612,35.4946,1637.1391
-97.112674,41.250628,31.9615,1637.1391
-97.112706,41.250648,38.8583,1636.4829
-97.112735,41.250668,45.1385,1636.1549
-97.112762,41.250688,49.4885,1636.1549
-97.112788,41.25071,43.8397,1635.8268
-97.112816,41.250732,45.0958,1635.4987
-97.112842,41.250753,36.9615,1635.4987
-97.112869,41.250775,36.9407,1635.1706
-97.112895,41.250797,44.8284,1635.1706
-97.112921,41.250818,46.3223,1635.1706
-97.112947,41.250841,41.9739,1635.1706
-97.112974,41.250862,38.1224,1635.4987
-97.112999,41.250884,40.0391,1635.4987
-97.113024,41.250907,43.2307,1635.1706
-97.113049,41.250929,38.9441,1635.1706
-97.113074,41.250952,34.6953,1635.4987
-97.113098,41.250976,37.1798,1635.1706
-97.113123,41.250999,38.2218,1635.1706
-97.113148,41.251021,37.7911,1634.8425
-97.113173,41.251044,39.0941,1634.8425
-97.113198,41.251067,44.5004,1634.8425
-97.113222,41.25109,35.7214,1634.8425
-97.113248,41.251113,39.8587,1634.8425
-97.113274,41.251135,37.9807,1634.8425
-97.113298,41.251158,48.1151,1634.8425
-97.113324,41.251181,49.8283,1634.5144
-97.11335,41.251204,45.9023,1634.5144
-97.113377,41.251226,34.8977,1634.1864
-97.113405,41.251249,31.7465,1634.1864
-97.11343,41.251272,32.7175,1634.1864
-97.113454,41.251296,31.628,1634.1864
-97.11348,41.25132,32.456,1633.8583
-97.113505,41.251343,32.4382,1633.5302
-97.113531,41.251366,38.2895,1633.5302
-97.113554,41.25139,42.1,1633.5302
-97.113581,41.251412,32.3935,1633.5302
-97.113609,41.251435,30.8319,1632.874
-97.113635,41.251454,34.7728,1632.5459
-97.113665,41.251468,34.3322,1632.5459
-97.113696,41.251478,38.3034,1632.2178
-97.113729,41.251483,38.6915,1632.2178
-97.113765,41.251481,44.2318,1632.2178
-97.113799,41.251477,52.2899,1632.2178
-97.113836,41.251472,49.9178,1631.8898
-97.113874,41.251469,48.3337,1631.8898
-97.113912,41.251463,50.7811,1631.5617
-97.113949,41.251457,40.3743,1631.5617
-97.113987,41.251451,43.6892,1631.2336
-97.114024,41.251445,43.9773,1630.9055
-97.114062,41.251438,37.0168,1630.9055
-97.1141,41.25143,31.8601,1630.2493
-97.114138,41.251422,31.0368,1629.5932
-97.114175,41.251416,31.3282,1628.937
-97.114212,41.251408,28.0271,1628.6089
-97.114244,41.2514,25.5864,1628.2808
-97.11427,41.251397,48.0435,1627.6247
-97.114294,41.251397,54.0607,1626.9685
-97.114322,41.251394,58.0686,1626.3123
-97.114361,41.251386,32.7882,1625.9843
-97.114396,41.251377,23.7592,1625.6562
-97.114425,41.251365,26.1264,1624.6719
-97.114444,41.251349,27.1993,1624.6719
-97.11446,41.251323,25.2914,1625
-97.114456,41.251298,31.1637,1625.3281
-97.114451,41.251278,39.1857,1625.6562
-97.114449,41.251257,62.1576,1625.9843
-97.114452,41.251235,46.2315,1625.9843
-97.114469,41.251211,27.3375,1626.6404
-97.11449,41.251188,31.9064,1626.6404
-97.114508,41.251164,35.6888,1625.9843
-97.114515,41.25114,33.1734,1626.6404
-97.114517,41.251116,34.9009,1626.9685
-97.114515,41.251092,33.0296,1626.9685
-97.114506,41.251066,33.1068,1627.2966
-97.114498,41.251035,33.7192,1627.6247
-97.114494,41.251,23.586,1628.2808
-97.114494,41.250965,27.8804,1628.6089
-97.114492,41.25093,33.9985,1628.937
-97.114498,41.250896,39.3633,1629.5932
-97.114508,41.250865,31.8462,1629.5932
-97.114515,41.250837,30.8807,1629.2651
-97.114518,41.250812,44.9887,1629.2651
-97.114516,41.250787,37.1679,1629.5932
-97.114516,41.250762,38.1369,1629.9213
-97.114516,41.250735,35.2697,1629.9213
-97.114516,41.25071,34.0326,1630.2493
-97.114515,41.250684,38.3698,1630.9055
-97.114514,41.250658,35.5194,1631.2336
-97.114513,41.250632,39.1958,1631.5617
-97.114512,41.250607,38.3092,1631.8898
-97.11451,41.250581,33.9055,1632.2178
-97.11451,41.250555,33.0663,1632.5459
-97.11451,41.250528,39.4962,1632.5459
-97.114509,41.250503,50.5969,1632.874
-97.114507,41.250476,41.0967,1632.874
-97.114507,41.250448,35.6091,1633.2021
-97.114507,41.25042,33.9079,1633.2021
-97.114508,41.250393,35.2212,1633.8583
-97.114507,41.250365,44.1464,1634.1864
-97.114505,41.250335,33.3956,1634.8425
-97.114503,41.250305,35.2259,1635.1706
-97.114501,41.250276,33.3029,1635.8268
-97.114501,41.250246,32.6932,1636.1549
-97.114499,41.250217,33.5317,1636.4829
-97.114499,41.250187,40.5462,1637.1391
-97.114498,41.250158,38.0627,1637.4672
-97.114498,41.250129,33.736,1637.7953
-97.114496,41.250099,35.2663,1637.7953
-97.114495,41.250069,38.1087,1638.4514
-97.114496,41.250039,27.9325,1638.4514
-97.114495,41.250009,26.7711,1638.7795
-97.11449,41.24998,26.0891,1638.7795
-97.114479,41.249952,16.9039,1639.1076
-97.11447,41.249931,11.9843,1639.1076
-97.114462,41.249948,23.1468,1639.1076
-97.114455,41.249937,5.5877,1638.7795
-97.114434,41.249932,62.3764,1639.7638
-97.114416,41.249929,65.5679,1639.4357
-97.114387,41.249927,53.9141,1639.1076
-97.114345,41.249926,31.925,1639.4357
-97.114306,41.249926,40.1526,1639.7638
-97.114268,41.249925,39.9723,1640.0919
-97.11423,41.249923,40.5486,1640.4199
-97.114191,41.249924,33.0922,1640.748
-97.114153,41.249924,38.5856,1641.0761
-97.114113,41.249924,37.998,1641.0761
-97.114073,41.249923,26.2609,1641.4042
-97.114039,41.249924,13.8418,1641.7323
-97.114023,41.249924,44.0769,1641.7323
-97.114011,41.249924,107.2907,1641.7323
-97.114,41.249923,97.8732,1641.7323
-97.11399,41.249922,107.0845,1641.7323
-97.113973,41.249922,97.9443,1642.0604
-97.113947,41.249921,69.6814,1642.3885
-97.113907,41.249922,31.0891,1642.3885
-97.113867,41.249922,33.5758,1642.7165
-97.113827,41.249922,32.7314,1642.7165
-97.113787,41.24992,39.7989,1642.7165
-97.113747,41.249923,40.7247,1643.0446
-97.113707,41.249923,39.9423,1643.0446
-97.113668,41.249923,40.3708,1643.0446
-97.113628,41.249923,38.6147,1643.3727
-97.113585,41.249922,36.6152,1643.3727
-97.113544,41.249921,46.6714,1643.3727
-97.113503,41.249921,33.2349,1643.7008
-97.11346,41.24992,36.5736,1643.7008
-97.113419,41.249919,35.6705,1643.3727
-97.113376,41.249919,45.7443,1643.3727
-97.113333,41.249918,39.651,1643.0446
-97.113291,41.249918,53.9124,1643.0446
-97.113249,41.249919,41.2029,1643.3727
-97.113208,41.249919,55.5546,1643.3727
-97.113166,41.249918,53.4103,1643.3727
-97.113124,41.249919,48.5659,1643.0446
-97.113083,41.249918,50.2056,1642.7165
-97.113042,41.249918,42.1709,1642.3885
-97.113004,41.249918,39.812,1642.0604
-97.112964,41.249917,40.7213,1642.0604
-97.112924,41.249917,46.9109,1642.0604
-97.112885,41.249917,43.8571,1642.0604
-97.112846,41.249919,48.9438,1642.0604
-97.112807,41.249918,46.4678,1642.0604
-97.112767,41.249918,46.9682,1642.0604
-97.112725,41.249917,45.3022,1642.0604
-97.112683,41.249917,40.4185,1641.7323
-97.112641,41.249917,48.2227,1641.7323
-97.1126,41.249917,43.1928,1641.7323
-97.112558,41.249917,44.7669,1642.0604
-97.112516,41.249916,34.0756,1642.0604
-97.112474,41.249917,46.1409,1641.7323
-97.112433,41.249918,45.0703,1641.7323
-97.11239,41.249918,56.3017,1642.0604
-97.112348,41.249918,47.8174,1642.0604
-97.112306,41.249919,37.665,1642.0604
-97.112266,41.249918,35.9302,1642.0604
-97.112227,41.249919,35.7718,1641.7323
-97.112188,41.24992,43.9316,1641.4042
-97.11215,41.249919,47.8954,1641.4042
-97.112111,41.249919,47.286,1641.4042
-97.112073,41.249918,35.4046,1641.7323
-97.112032,41.249917,41.6407,1641.4042
-97.111994,41.249917,43.5253,1641.4042
-97.111956,41.249916,58.6439,1641.4042
-97.111917,41.249917,65.5319,1641.4042
-97.111877,41.249917,42.9005,1641.0761
-97.111839,41.249916,34.8198,1641.0761
-97.1118,41.249917,45.2213,1641.4042
-97.11176,41.249917,43.3195,1641.0761
-97.111721,41.249918,34.1136,1641.0761
-97.111683,41.249918,50.7769,1641.7323
-97.111643,41.249918,58.9171,1641.4042
-97.111603,41.249918,62.209,1641.4042
-97.111563,41.249919,48.9962,1641.0761
-97.111525,41.24992,53.7744,1641.0761
-97.111486,41.24992,57.7126,1641.0761
-97.111447,41.24992,49.7907,1641.0761
-97.11141,41.249923,24.4908,1640.4199
-97.111387,41.249923,26.3287,1640.0919
-97.111374,41.249924,35.6724,1639.7638
-97.111363,41.249927,43.0596,1639.7638
-97.111346,41.249932,10.9079,1639.4357
-97.111529,41.250001,31.4402,1639.4357
-97.111563,41.250018,49.6074,1639.4357
-97.111598,41.250034,57.2282,1639.4357
-97.111632,41.250052,55.3223,1639.1076
-97.111665,41.25007,50.608,1638.7795
-97.111697,41.250089,52.6549,1638.1234
-97.111729,41.250108,52.9058,1638.1234
-97.111762,41.250127,52.7392,1637.7953
-97.111789,41.250145,55.4619,1637.4672
-97.111818,41.250163,48.597,1637.7953
-97.111852,41.250184,30.7539,1638.1234
-97.111889,41.250208,25.9539,1637.7953
-97.111923,41.250232,38.8852,1638.1234
-97.111955,41.250257,47.5861,1638.1234
-97.111992,41.250281,38.3662,1638.1234
-97.112033,41.2503,45.787,1637.7953
-97.112075,41.250317,39.5343,1637.4672
-97.112117,41.250335,45.1021,1637.1391
-97.112159,41.250353,38.0878,1637.1391
-97.112203,41.250368,39.2045,1636.811
-97.112247,41.250382,44.5425,1636.4829
-97.112291,41.250397,41.0969,1635.8268
-97.112331,41.250411,39.6408,1635.8268
-97.112367,41.250426,40.6168,1636.1549
-97.112401,41.250442,42.6721,1636.4829
-97.112435,41.25046,46.4762,1636.4829
-97.112471,41.250476,48.1189,1636.4829
-97.112506,41.250493,51.8043,1636.811
-97.112542,41.250509,43.501,1637.1391
-97.112578,41.250525,40.6968,1637.7953
-97.112618,41.250542,41.0888,1638.1234
-97.112656,41.250559,44.7901,1638.4514
-97.112695,41.250579,46.885,1638.4514
-97.112732,41.250602,47.7958,1638.4514
-97.112768,41.250625,42.3872,1638.4514
-97.112803,41.250649,42.6135,1638.1234
-97.112835,41.250675,47.4536,1637.7953
-97.112866,41.250701,59.2841,1637.7953
-97.112896,41.250728,49.1216,1637.7953
-97.112928,41.250754,42.2273,1637.4672
-97.112957,41.25078,52.8244,1637.7953
-97.112989,41.250807,50.9556,1637.7953
-97.113021,41.250833,46.7221,1637.7953
-97.113055,41.250859,47.8794,1637.4672
-97.113085,41.250886,51.985,1637.4672
-97.113115,41.250912,50.811,1637.4672
-97.113143,41.25094,39.3317,1637.1391
-97.113168,41.250965,32.079,1637.1391
-97.113195,41.250987,42.5356,1637.4672
-97.113221,41.251011,46.7094,1637.1391
-97.113247,41.251035,41.5288,1637.4672
-97.113274,41.251058,53.1063,1637.4672
-97.113301,41.251082,48.6881,1637.1391
-97.113326,41.251107,45.086,1637.1391
-97.113351,41.251132,40.9031,1637.1391
-97.113375,41.251156,34.4019,1637.1391
-97.113403,41.25118,34.542,1637.1391
-97.113429,41.251205,32.9431,1636.811
-97.113456,41.251229,30.4972,1635.8268
-97.113484,41.251253,49.7522,1635.8268
-97.113516,41.25128,44.456,1635.4987
-97.113546,41.251307,40.0511,1634.8425
-97.113576,41.251333,35.5748,1634.8425
-97.113604,41.251359,31.8701,1634.8425
-97.113633,41.251386,30.0164,1634.5144
-97.113666,41.25141,33.9879,1634.8425
-97.113702,41.251427,32.1256,1634.5144
-97.113738,41.251434,36.0422,1634.1864
-97.113776,41.251433,35.8544,1634.1864
-97.113814,41.251427,46.8016,1633.8583
-97.113854,41.25142,40.4768,1633.8583
-97.113894,41.251413,42.202,1633.2021
-97.113935,41.251407,50.2058,1632.874
-97.113978,41.251399,50.906,1632.2178
-97.114023,41.251392,40.7656,1631.5617
-97.114066,41.251383,50.4071,1630.9055
-97.114109,41.251376,43.8965,1630.5774
-97.114152,41.251368,47.6391,1629.9213
-97.114197,41.251361,45.404,1629.2651
-97.114243,41.251355,35.5541,1627.9528
-97.114287,41.251348,49.4605,1626.9685
-97.11433,41.251342,37.4418,1626.3123
-97.114372,41.251333,29.9426,1626.3123
-97.114378,41.251284,31.6442,1626.6404
-97.11439,41.251253,27.709,1627.2966
-97.114408,41.251224,26.887,1626.9685
-97.114428,41.251194,33.3815,1626.6404
-97.114438,41.251162,34.0845,1626.6404
-97.11444,41.251131,35.8064,1627.2966
-97.114439,41.251099,36.9492,1627.2966
-97.114435,41.251067,36.2513,1627.2966
-97.11443,41.251032,43.9571,1627.9528
-97.114428,41.250997,41.8441,1627.9528
-97.114429,41.250962,39.7475,1627.9528
-97.114431,41.250926,34.7944,1628.2808
-97.114435,41.250891,39.1627,1628.6089
-97.114441,41.250855,41.5722,1629.2651
-97.114443,41.25082,46.1843,1629.5932
-97.114443,41.250785,44.1255,1630.2493
-97.114443,41.250749,47.5355,1630.2493
-97.114443,41.250713,48.3794,1630.5774
-97.114443,41.250677,47.5035,1630.5774
-97.114441,41.250642,48.9784,1631.2336
-97.114441,41.250605,42.5108,1631.2336
-97.11444,41.25057,46.9013,1631.5617
-97.114438,41.250535,52.0806,1631.8898
-97.114437,41.2505,47.9562,1632.2178
-97.114437,41.250465,43.9981,1632.5459
-97.114438,41.25043,39.6491,1632.874
-97.114434,41.250395,43.9462,1632.874
-97.114432,41.25036,41.5612,1633.5302
-97.114431,41.250325,36.8644,1633.8583
-97.114431,41.25029,36.2777,1634.1864
-97.114431,41.250254,35.3793,1634.8425
-97.114432,41.250218,38.3617,1635.4987
-97.114435,41.250183,37.3634,1635.8268
-97.114433,41.250149,49.9732,1636.1549
-97.114431,41.250113,33.8697,1636.4829
-97.114426,41.250077,25.2136,1636.4829
-97.114424,41.250042,36.2508,1637.1391
-97.114421,41.250005,20.7893,1637.1391
-97.114411,41.249986,76.3566,1637.4672
-97.114388,41.249985,66.6269,1637.4672
-97.114353,41.249983,45.5097,1637.4672
-97.114313,41.249983,35.7743,1638.1234
-97.11427,41.249981,41.4053,1638.1234
-97.114226,41.249981,38.3955,1638.7795
-97.114181,41.249979,37.2048,1639.4357
-97.114133,41.24998,40.5016,1640.0919
-97.114085,41.24998,45.2655,1640.4199
-97.114036,41.24998,37.9639,1640.4199
-97.113989,41.249979,39.1811,1640.748
-97.113941,41.249979,32.7942,1641.0761
-97.113895,41.249979,51.1708,1641.4042
-97.11385,41.249979,42.3466,1641.4042
-97.113806,41.249979,47.7749,1641.4042
-97.113763,41.24998,51.9851,1641.7323
-97.113715,41.24998,36.5816,1641.7323
-97.11367,41.24998,42.2324,1642.0604
-97.113624,41.24998,38.8649,1642.3885
-97.113577,41.249982,34.4849,1642.3885
-97.11353,41.24998,47.8707,1642.3885
-97.113481,41.249979,39.5313,1642.3885
-97.113435,41.249979,34.5174,1642.3885
-97.113389,41.249978,46.3137,1642.3885
-97.113341,41.249978,42.8206,1642.3885
-97.113294,41.249977,50.2159,1642.3885
-97.113246,41.249978,52.1629,1642.3885
-97.113199,41.249977,45.7173,1642.7165
-97.11315,41.249978,44.2239,1642.3885
-97.113104,41.249978,47.1279,1642.7165
-97.113057,41.249977,44.9183,1642.7165
-97.113011,41.249976,41.2823,1642.7165
-97.112964,41.249974,33.7434,1643.0446
-97.112916,41.249974,42.7054,1643.0446
-97.112869,41.249973,43.9946,1643.0446
-97.112822,41.249974,43.5633,1643.0446
-97.112775,41.249975,48.0497,1643.0446
-97.112726,41.249973,52.1847,1642.7165
-97.112678,41.249972,41.8114,1642.7165
-97.112632,41.249974,38.2776,1642.7165
-97.112586,41.249974,49.0727,1642.3885
-97.112538,41.249974,46.7453,1642.3885
-97.112491,41.249975,52.8849,1642.7165
-97.112444,41.249975,49.5574,1643.0446
-97.112397,41.249975,50.3134,1642.7165
-97.11235,41.249974,41.458,1643.0446
-97.112305,41.249973,37.4345,1643.0446
-97.112258,41.249974,39.2795,1643.0446
-97.112209,41.249974,41.0528,1643.0446
-97.112162,41.249975,40.3579,1643.0446
-97.112115,41.249974,45.8517,1643.0446
-97.112066,41.249974,44.3277,1642.7165
-97.112018,41.249973,45.6427,1642.3885
-97.111969,41.249972,46.907,1642.0604
-97.111923,41.249973,39.7738,1642.0604
-97.111875,41.249973,39.679,1641.7323
-97.111828,41.249975,42.6983,1641.7323
-97.111781,41.249977,47.3248,1641.0761
-97.111733,41.249977,60.2763,1641.0761
-97.111685,41.249977,62.602,1640.748
-97.11164,41.249977,56.7849,1640.4199
-97.111698,41.250032,56.1692,1639.1076
-97.111739,41.250031,49.1231,1639.4357
-97.111782,41.250031,49.4053,1639.4357
-97.111825,41.250032,49.3833,1640.0919
-97.111872,41.250032,49.0787,1640.4199
-97.111921,41.250031,43.3839,1640.4199
-97.111968,41.250032,45.6585,1641.0761
-97.112017,41.250033,36.8835,1641.0761
-97.112066,41.250032,30.3371,1641.4042
-97.112114,41.250032,36.5631,1641.7323
-97.112162,41.250032,43.3282,1641.7323
-97.112211,41.250032,44.6582,1641.7323
-97.112262,41.25003,39.5126,1642.0604
-97.112311,41.25003,35.0253,1642.0604
-97.112359,41.250032,42.7022,1642.0604
-97.112409,41.250031,41.6956,1642.0604
-97.112459,41.250031,43.8043,1642.0604
-97.112509,41.250031,49.7653,1641.7323
-97.112558,41.25003,45.2241,1641.7323
-97.112608,41.25003,38.05,1641.7323
-97.112656,41.250031,51.7334,1641.7323
-97.112705,41.250031,44.647,1641.7323
-97.112754,41.250031,46.285,1641.7323
-97.112804,41.25003,54.1637,1641.7323
-97.112853,41.250031,48.5524,1641.4042
-97.112901,41.250031,45.512,1641.7323
-97.112952,41.250032,43.9488,1641.7323
-97.113002,41.250032,43.5132,1641.7323
-97.113051,41.250032,47.912,1641.7323
-97.113101,41.250033,47.0297,1641.7323
-97.11315,41.250032,47.367,1641.7323
-97.113197,41.250035,52.8812,1641.7323
-97.113247,41.250034,47.5046,1641.7323
-97.113295,41.250035,46.8186,1641.7323
-97.113344,41.250034,46.1544,1641.7323
-97.113394,41.250035,49.2161,1641.4042
-97.113443,41.250036,40.5809,1641.4042
-97.113492,41.250037,40.6365,1641.4042
-97.113541,41.250037,41.9521,1641.4042
-97.11359,41.250037,46.2921,1641.7323
-97.113641,41.250037,43.9843,1641.4042
-97.113691,41.250037,45.6503,1641.0761
-97.11374,41.250037,43.0511,1641.0761
-97.113791,41.250037,40.438,1640.748
-97.113841,41.250038,39.8803,1640.748
-97.11389,41.250039,43.0042,1640.748
-97.113941,41.250039,40.3283,1640.0919
-97.113991,41.250039,35.5118,1639.7638
-97.11404,41.25004,40.1,1639.7638
-97.114091,41.250039,39.9297,1639.1076
-97.114141,41.250037,39.2859,1638.7795
-97.114193,41.250038,35.7459,1637.7953
-97.114244,41.250038,30.0031,1637.1391
-97.114293,41.250037,28.7925,1637.1391
-97.114345,41.250145,42.6426,1635.4987
-97.114306,41.250146,47.2388,1635.8268
-97.114261,41.250144,41.3027,1636.4829
-97.114214,41.250145,39.6475,1636.811
-97.114168,41.250144,44.3658,1637.4672
-97.114122,41.250145,52.3994,1637.7953
-97.114074,41.250145,42.6873,1638.1234
-97.114026,41.250144,38.6209,1638.4514
-97.113979,41.250144,42.0105,1638.7795
-97.113931,41.250144,41.414,1639.1076
-97.113882,41.250144,32.0298,1639.4357
-97.113833,41.250143,36.7857,1639.4357
-97.113784,41.250143,44.2312,1639.7638
-97.113736,41.250142,51.2341,1640.0919
-97.113687,41.250142,42.3787,1640.4199
-97.113638,41.250142,44.1302,1640.4199
-97.11359,41.250142,38.4128,1640.748
-97.113541,41.250141,33.7648,1640.748
-97.113492,41.250141,46.7551,1641.0761
-97.113443,41.25014,47.3873,1641.0761
-97.113395,41.250139,53.3457,1641.4042
-97.113347,41.250138,42.6326,1641.7323
-97.113297,41.250138,41.3652,1641.4042
-97.113248,41.250138,42.723,1641.4042
-97.113197,41.250139,43.346,1641.0761
-97.113148,41.250139,44.3047,1641.0761
-97.113099,41.250139,49.5677,1641.4042
-97.113051,41.250141,53.122,1641.4042
-97.113002,41.250139,41.9319,1641.0761
-97.112952,41.250138,42.8495,1641.0761
-97.112904,41.250138,43.609,1641.4042
-97.112856,41.250137,48.0884,1641.4042
-97.112808,41.250138,40.9286,1641.4042
-97.112759,41.250136,42.7147,1641.7323
-97.112709,41.250137,44.5175,1641.4042
-97.11266,41.250136,46.5015,1641.0761
-97.112611,41.250136,51.1676,1641.0761
-97.112562,41.250137,51.2761,1641.0761
-97.112512,41.250137,53.6073,1641.0761
-97.112464,41.250137,46.2271,1640.748
-97.112415,41.250137,46.3089,1641.0761
-97.112365,41.250137,51.7482,1641.0761
-97.112315,41.250137,41.3528,1640.748
-97.112264,41.250136,46.2947,1640.4199
-97.112215,41.250137,48.665,1640.4199
-97.112166,41.250138,47.463,1640.4199
-97.112116,41.250138,50.3329,1640.0919
-97.112066,41.250139,52.2089,1639.4357
-97.112015,41.250139,54.1735,1639.1076
-97.111964,41.250139,49.858,1638.4514
-97.111914,41.250139,59.1791,1637.7953
-97.111869,41.250139,25.3456,1637.1391
-97.111947,41.25025,69.3361,1635.1706
-97.112,41.250249,34.0952,1635.8268
-97.112051,41.250249,41.2539,1636.4829
-97.112096,41.250249,50.1111,1636.4829
-97.112141,41.250248,46.4273,1637.1391
-97.112188,41.250249,40.9265,1637.4672
-97.112233,41.250249,42.3726,1638.1234
-97.112277,41.250249,41.4202,1638.4514
-97.112322,41.250249,47.4901,1638.7795
-97.112367,41.250248,41.7429,1639.1076
-97.112413,41.250249,49.3853,1639.4357
-97.112458,41.250248,47.3147,1639.7638
-97.112503,41.250249,43.5532,1639.7638
-97.112549,41.250248,40.2468,1639.7638
-97.112596,41.250248,36.2542,1640.0919
-97.112642,41.250248,35.6348,1640.4199
-97.112687,41.250248,36.5663,1640.748
-97.112733,41.250248,43.9387,1640.748
-97.112779,41.250247,35.0105,1640.748
-97.112826,41.250248,44.7095,1640.748
-97.112873,41.250248,50.3526,1640.748
-97.112919,41.250248,43.2875,1640.748
-97.112966,41.250249,46.7244,1640.748
-97.113012,41.250248,45.7666,1640.748
-97.113059,41.250249,41.0387,1640.4199
-97.113105,41.250248,49.5561,1640.748
-97.113152,41.250249,49.7657,1640.748
-97.113199,41.25025,43.7122,1640.4199
-97.113245,41.250249,46.624,1640.748
-97.113292,41.250251,54.7011,1640.748
-97.113338,41.250251,46.2442,1640.748
-97.113383,41.250248,46.0154,1641.0761
-97.113428,41.250249,43.6196,1640.748
-97.113474,41.250251,33.8724,1640.4199
-97.113521,41.250251,40.309,1640.4199
-97.113567,41.250251,44.7462,1640.4199
-97.113615,41.250252,40.3729,1640.0919
-97.113662,41.250252,44.5541,1640.0919
-97.11371,41.250252,40.3621,1639.7638
-97.113756,41.250253,48.8925,1639.7638
-97.113803,41.250253,56.6314,1639.4357
-97.11385,41.250252,45.8137,1639.1076
-97.113899,41.250253,48.4643,1638.7795
-97.113947,41.250254,50.8514,1638.4514
-97.113994,41.250254,49.5666,1638.4514
-97.114041,41.250254,45.1897,1638.1234
-97.114089,41.250254,45.5633,1637.7953
-97.114136,41.250255,43.7415,1637.1391
-97.114185,41.250255,38.1863,1636.4829
-97.114234,41.250255,45.1995,1635.8268
-97.114281,41.250256,35.0952,1635.4987
-97.114329,41.250257,29.3686,1634.8425
-97.114329,41.250365,37.3199,1633.8583
-97.114288,41.250365,41.2045,1634.5144
-97.114246,41.250364,50.4597,1635.4987
-97.1142,41.250363,48.6822,1636.1549
-97.114152,41.250363,44.3174,1636.4829
-97.114105,41.250364,48.6859,1637.1391
-97.114057,41.250362,46.4041,1637.4672
-97.114011,41.250361,46.348,1637.7953
-97.113962,41.250361,45.1839,1638.1234
-97.113915,41.250361,51.363,1638.4514
-97.113867,41.25036,49.1198,1638.7795
-97.11382,41.25036,48.9453,1639.1076
-97.113771,41.250359,40.1068,1639.4357
-97.113724,41.25036,34.2568,1639.7638
-97.113676,41.250358,37.0675,1639.7638
-97.113628,41.250357,44.352,1640.4199
-97.113581,41.250357,56.527,1640.4199
-97.113533,41.250357,49.9833,1640.748
-97.113483,41.250357,50.8721,1640.748
-97.113435,41.250357,43.3445,1640.748
-97.113386,41.250356,45.5178,1640.748
-97.113338,41.250356,44.5563,1640.748
-97.113289,41.250356,45.1458,1640.748
-97.11324,41.250355,28.5444,1641.0761
-97.113191,41.250356,37.4036,1640.748
-97.113142,41.250355,36.7492,1640.748
-97.113092,41.250355,30.919,1640.748
-97.113043,41.250354,48.947,1640.748
-97.112994,41.250355,40.6058,1640.748
-97.112946,41.250355,35.7985,1640.748
-97.112898,41.250354,43.2026,1640.4199
-97.112849,41.250354,49.4921,1640.4199
-97.112799,41.250353,40.4668,1640.0919
-97.112751,41.250353,41.4436,1640.0919
-97.1127,41.250353,38.0161,1639.7638
-97.112651,41.250354,37.8528,1639.4357
-97.1126,41.250354,36.1312,1639.1076
-97.112551,41.250353,30.4317,1639.4357
-97.112502,41.250353,29.9562,1638.7795
-97.112461,41.250353,51.7854,1638.1234
-97.112419,41.250355,43.953,1637.4672
-97.112378,41.250356,31.2021,1637.1391
-97.112344,41.250357,41.5865,1636.4829
-97.112309,41.250357,33.2979,1636.1549
-97.112275,41.250358,23.4137,1635.8268
-97.112407,41.25041,47.8394,1635.4987
-97.112445,41.250411,35.3675,1636.4829
-97.112486,41.250412,38.088,1637.1391
-97.112528,41.250412,50.7007,1638.1234
-97.112575,41.250412,41.6859,1638.7795
-97.112622,41.250412,42.2092,1639.1076
-97.112669,41.250412,46.7535,1639.1076
-97.112715,41.250412,53.1542,1639.7638
-97.112764,41.250411,37.5077,1640.0919
-97.112813,41.250411,44.3332,1640.4199
-97.112864,41.25041,42.9492,1640.4199
-97.112914,41.250409,41.2309,1640.4199
-97.112963,41.250409,46.0474,1640.4199
-97.113012,41.25041,52.1816,1640.4199
-97.113061,41.25041,41.4803,1640.748
-97.113109,41.250409,42.873,1641.0761
-97.113158,41.250409,36.198,1641.0761
-97.113207,41.250409,43.3684,1641.0761
-97.113256,41.25041,48.1149,1641.0761
-97.113306,41.250411,49.4963,1641.0761
-97.113355,41.250411,46.2059,1640.748
-97.113405,41.250412,43.8753,1640.748
-97.113455,41.250412,47.4015,1640.4199
-97.113504,41.250411,47.9332,1640.4199
-97.113555,41.250412,49.8682,1640.4199
-97.113603,41.250413,43.3771,1640.0919
-97.113654,41.250413,47.9157,1639.7638
-97.113704,41.250413,38.5158,1639.4357
-97.113755,41.250413,38.566,1639.4357
-97.113804,41.250414,49.1098,1639.1076
-97.113855,41.250415,42.8774,1638.7795
-97.113905,41.250416,47.299,1638.1234
-97.113954,41.250416,47.076,1637.7953
-97.114004,41.250418,47.4725,1637.4672
-97.114055,41.250418,50.1801,1637.1391
-97.114106,41.250419,38.4992,1636.4829
-97.114156,41.25042,44.8377,1636.1549
-97.114208,41.250421,48.1373,1635.4987
-97.114259,41.250422,39.2798,1634.8425
-97.114306,41.250424,43.1092,1634.1864
-97.114345,41.250424,31.9349,1633.5302
-97.11436,41.250312,48.6674,1633.8583
-97.114318,41.250311,39.4038,1634.8425
-97.114273,41.25031,38.3585,1635.4987
-97.114228,41.250309,40.1452,1636.1549
-97.114181,41.250308,43.913,1636.811
-97.114132,41.250308,38.6991,1637.1391
-97.114085,41.250309,41.1616,1637.7953
-97.114036,41.250308,49.1273,1637.7953
-97.113988,41.250308,47.7638,1638.1234
-97.113939,41.250307,44.4554,1638.4514
-97.113891,41.250307,47.0542,1638.7795
-97.113842,41.250305,42.4979,1638.7795
-97.113793,41.250304,46.3785,1639.1076
-97.113745,41.250304,46.0387,1639.4357
-97.113697,41.250304,38.8794,1639.4357
-97.113649,41.250304,34.5144,1640.0919
-97.113599,41.250303,35.3302,1640.0919
-97.113549,41.250304,39.69,1640.0919
-97.1135,41.250304,42.8832,1640.4199
-97.113451,41.250303,46.7734,1640.4199
-97.113404,41.250303,46.4402,1640.4199
-97.113356,41.250301,49.7179,1640.748
-97.113306,41.250301,33.0611,1640.4199
-97.113257,41.250301,37.8285,1640.748
-97.113208,41.250301,35.3562,1640.748
-97.113158,41.250302,43.4721,1640.748
-97.113109,41.250302,41.4978,1640.748
-97.113059,41.250301,39.498,1640.748
-97.113011,41.2503,37.5564,1640.748
-97.112961,41.250299,28.7731,1640.748
-97.112912,41.250299,39.5483,1641.0761
-97.112862,41.250299,46.8469,1641.0761
-97.112813,41.2503,50.7173,1641.0761
-97.112763,41.2503,46.4,1640.748
-97.112714,41.250301,37.8614,1640.748
-97.112664,41.2503,33.8618,1640.4199
-97.112613,41.250299,44.6759,1640.0919
-97.112562,41.2503,44.3856,1639.4357
-97.112511,41.2503,45.6748,1639.1076
-97.112462,41.250299,52.2223,1638.7795
-97.112413,41.2503,37.4647,1638.4514
-97.112371,41.2503,43.5806,1638.1234
-97.112326,41.250301,46.1045,1637.7953
-97.112281,41.2503,52.1656,1637.4672
-97.112237,41.250299,48.7508,1636.811
-97.112191,41.250301,42.1988,1636.1549
-97.112144,41.250299,30.0902,1635.4987
-97.112099,41.250297,17.7968,1635.4987
-97.111909,41.25019,43.8824,1636.4829
-97.11194,41.250194,55.2498,1636.4829
-97.111972,41.250194,56.5498,1637.1391
-97.112015,41.250195,50.591,1637.4672
-97.11206,41.250195,59.5956,1637.7953
-97.112106,41.250194,46.8592,1638.1234
-97.112151,41.250195,43.6749,1638.7795
-97.112196,41.250195,39.3426,1639.1076
-97.112242,41.250194,45.499,1639.1076
-97.112288,41.250193,37.8738,1639.4357
-97.112333,41.250192,45.7427,1639.7638
-97.112379,41.250192,48.769,1639.7638
-97.112427,41.250192,41.8385,1639.4357
-97.112474,41.250192,46.5294,1639.7638
-97.11252,41.250192,48.473,1640.0919
-97.112566,41.250193,55.17,1640.0919
-97.112611,41.250193,44.8152,1640.4199
-97.112657,41.250194,46.1695,1640.4199
-97.112703,41.250193,46.2753,1640.748
-97.112749,41.250192,46.9681,1641.0761
-97.112796,41.250191,36.9111,1641.0761
-97.112842,41.250192,30.8219,1641.4042
-97.112888,41.250193,50.1612,1641.0761
-97.112935,41.250192,46.2648,1641.0761
-97.112982,41.250193,45.1,1641.0761
-97.11303,41.250194,46.8537,1641.0761
-97.113075,41.250194,52.4623,1641.0761
-97.113123,41.250193,41.6054,1641.0761
-97.113171,41.250194,48.6169,1641.0761
-97.113218,41.250195,47.2801,1641.0761
-97.113264,41.250195,38.6855,1641.0761
-97.11331,41.250194,42.635,1641.0761
-97.113358,41.250195,34.8448,1640.748
-97.113405,41.250195,41.0525,1640.748
-97.113452,41.250195,39.3992,1640.748
-97.113499,41.250194,38.9692,1640.748
-97.113546,41.250195,34.9259,1640.748
-97.113593,41.250195,35.1686,1640.748
-97.11364,41.250197,46.8458,1640.4199
-97.113688,41.250197,43.5478,1640.4199
-97.113735,41.250197,50.0578,1640.4199
-97.113782,41.250197,43.9115,1640.0919
-97.113829,41.250198,42.7614,1639.7638
-97.113876,41.250198,39.0689,1639.4357
-97.113923,41.250198,49.8055,1639.4357
-97.113972,41.250198,50.2418,1638.7795
-97.11402,41.250199,45.7623,1638.7795
-97.114068,41.250199,49.2718,1638.4514
-97.114117,41.250201,43.9113,1637.7953
-97.114166,41.250201,39.3481,1637.4672
-97.114214,41.250201,47.3411,1636.811
-97.114263,41.250202,46.9806,1636.1549
-97.114312,41.250202,33.8338,1635.8268
-97.114333,41.25009,48.4267,1636.4829
-97.114289,41.25009,44.4607,1636.811
-97.114244,41.25009,35.2901,1637.1391
-97.1142,41.250091,43.46,1638.1234
-97.114155,41.25009,47.9677,1638.7795
-97.114109,41.250089,45.7544,1639.4357
-97.114059,41.250089,45.4609,1639.7638
-97.114008,41.250088,38.0666,1640.0919
-97.113957,41.250087,30.8352,1640.4199
-97.113907,41.250087,35.4199,1640.748
-97.113856,41.250087,39.2066,1640.4199
-97.113807,41.250085,45.6198,1640.748
-97.113758,41.250086,47.6865,1640.748
-97.113707,41.250085,44.3221,1641.0761
-97.113655,41.250085,29.568,1641.0761
-97.113604,41.250084,38.2221,1641.4042
-97.113554,41.250085,41.949,1641.0761
-97.113503,41.250084,38.7286,1641.0761
-97.113452,41.250085,51.1559,1641.0761
-97.113402,41.250085,49.1626,1640.748
-97.113351,41.250085,43.1225,1640.748
-97.1133,41.250084,46.0061,1640.748
-97.113249,41.250083,43.6009,1640.4199
-97.113198,41.250083,44.2967,1640.4199
-97.113147,41.250083,53.6611,1640.748
-97.113096,41.250082,51.8229,1640.748
-97.113046,41.250081,49.7774,1641.0761
-97.112997,41.250081,45.9662,1641.0761
-97.112946,41.25008,44.8367,1641.0761
-97.112895,41.25008,36.2896,1640.748
-97.112845,41.25008,33.2799,1640.748
-97.112795,41.250079,44.2304,1641.0761
-97.112744,41.25008,49.5922,1641.0761
-97.112692,41.25008,39.736,1640.748
-97.112643,41.250081,42.9854,1641.0761
-97.112592,41.250081,46.5738,1641.0761
-97.112542,41.250081,47.9966,1641.4042
-97.112493,41.25008,43.699,1641.7323
-97.112441,41.250081,46.9487,1641.4042
-97.112389,41.25008,43.8652,1641.0761
-97.112338,41.250081,48.7396,1640.748
-97.112286,41.25008,44.9014,1640.748
-97.112236,41.250082,37.9053,1640.4199
-97.112184,41.250081,40.2435,1640.4199
-97.112133,41.25008,40.8026,1640.0919
-97.112082,41.25008,45.0825,1640.4199
-97.112029,41.25008,48.4715,1639.7638
-97.111977,41.25008,45.8837,1639.4357
-97.111924,41.250081,45.7835,1638.7795
-97.111877,41.250081,47.7199,1638.4514
-97.111832,41.250082,53.62,1638.4514
-97.111789,41.25008,46.3736,1638.1234
-97.111746,41.250074,21.8387,1637.7953
-97.112568,41.250464,31.6702,1636.811
-97.112614,41.250462,44.1556,1637.4672
-97.112663,41.250464,32.8958,1637.7953
-97.11271,41.250464,43.6942,1638.1234
-97.112757,41.250463,44.915,1638.7795
-97.112804,41.250463,49.2536,1639.1076
-97.112852,41.250463,44.9422,1639.1076
-97.112898,41.250462,44.4996,1639.7638
-97.112946,41.250462,48.8793,1640.4199
-97.112994,41.250463,44.3903,1640.4199
-97.113042,41.250461,41.1184,1640.4199
-97.113091,41.25046,42.4276,1640.4199
-97.11314,41.25046,37.0233,1640.4199
-97.113188,41.25046,37.796,1640.748
-97.113236,41.250462,42.3938,1640.748
-97.113285,41.250462,43.095,1640.748
-97.113333,41.250463,44.1414,1640.748
-97.113382,41.250463,43.6515,1640.748
-97.113431,41.250463,47.0182,1640.748
-97.113479,41.250464,51.7947,1640.748
-97.113526,41.250464,48.6597,1640.748
-97.113575,41.250465,50.266,1640.4199
-97.113625,41.250465,43.3721,1640.4199
-97.113674,41.250465,43.6904,1639.7638
-97.113723,41.250465,43.9633,1639.7638
-97.11377,41.250466,48.9043,1639.1076
-97.113819,41.250467,45.6402,1638.4514
-97.113869,41.250469,42.8936,1637.7953
-97.113919,41.250469,40.6871,1637.4672
-97.113967,41.25047,46.7174,1637.1391
-97.114017,41.250471,45.1796,1636.811
-97.114065,41.25047,47.121,1636.4829
-97.114115,41.250471,41.4401,1636.1549
-97.114166,41.250472,40.2611,1635.8268
-97.114216,41.250474,40.0565,1635.1706
-97.114267,41.250475,33.8585,1634.5144
-97.114318,41.250475,29.0928,1633.8583
-97.114376,41.250584,62.4222,1631.5617
-97.114332,41.250586,55.0843,1631.8898
-97.114292,41.250585,55.4316,1632.874
-97.114249,41.250583,51.1277,1633.5302
-97.114205,41.250582,48.2479,1634.1864
-97.114161,41.25058,45.6893,1634.8425
-97.114117,41.250578,41.1556,1635.4987
-97.114072,41.250577,34.8883,1635.8268
-97.114028,41.250578,42.4624,1636.811
-97.113983,41.250578,38.8269,1637.1391
-97.113937,41.250577,42.4266,1637.4672
-97.113893,41.250577,49.7649,1638.1234
-97.113847,41.250576,47.0979,1638.4514
-97.113803,41.250574,41.8664,1639.1076
-97.113757,41.250573,38.2705,1639.1076
-97.113712,41.250571,39.4012,1639.4357
-97.113667,41.25057,46.0219,1639.4357
-97.113621,41.250569,40.3013,1639.4357
-97.113578,41.250568,44.934,1640.0919
-97.113532,41.250568,52.6203,1640.4199
-97.113486,41.250568,48.9429,1640.4199
-97.113441,41.250568,37.2219,1640.4199
-97.113396,41.250569,48.8902,1640.4199
-97.11335,41.25057,47.2584,1640.748
-97.113304,41.25057,38.2103,1641.0761
-97.113257,41.25057,32.834,1641.0761
-97.113212,41.250568,31.4955,1641.0761
-97.113166,41.250568,34.9978,1641.0761
-97.113118,41.250567,45.0164,1640.4199
-97.113072,41.250569,47.4146,1640.4199
-97.113024,41.250571,43.8363,1640.0919
-97.112978,41.250572,54.256,1639.7638
-97.11293,41.250572,61.7873,1639.1076
-97.112883,41.250573,51.2954,1638.4514
-97.112836,41.250573,38.1315,1638.1234
-97.11279,41.250574,17.7491,1637.4672
-97.11289,41.250682,46.7621,1636.811
-97.112928,41.250682,49.3996,1636.811
-97.112971,41.250683,51.7136,1637.1391
-97.113016,41.250684,45.9784,1638.1234
-97.113064,41.250682,43.8528,1638.7795
-97.113111,41.250682,40.1232,1639.4357
-97.113159,41.250679,47.6515,1639.7638
-97.113206,41.250679,47.4934,1640.4199
-97.113257,41.250678,39.3774,1640.0919
-97.113307,41.250679,34.9497,1640.0919
-97.113357,41.250679,29.9121,1639.7638
-97.113404,41.250679,40.7371,1640.0919
-97.113452,41.25068,42.1698,1640.4199
-97.113502,41.250681,44.6397,1640.0919
-97.11355,41.250682,36.1531,1640.0919
-97.113601,41.250682,36.5572,1639.7638
-97.113652,41.250682,38.0788,1639.7638
-97.113703,41.250683,44.5285,1639.1076
-97.113752,41.250683,50.3807,1639.1076
-97.113802,41.250684,49.6318,1638.7795
-97.113851,41.250684,45.2082,1638.1234
-97.113901,41.250687,38.7516,1637.7953
-97.113952,41.250688,36.1434,1636.811
-97.114003,41.25069,45.0848,1636.1549
-97.114054,41.250691,43.3797,1635.1706
-97.114103,41.250691,51.0453,1634.5144
-97.114154,41.250691,46.2275,1633.8583
-97.114206,41.250692,44.5712,1633.2021
-97.114257,41.250695,43.4004,1632.2178
-97.114309,41.250697,42.992,1631.2336
-97.114356,41.250698,22.4624,1630.5774
-97.114353,41.250804,50.2263,1629.2651
-97.114304,41.250805,47.7146,1629.9213
-97.114253,41.250803,47.4745,1630.9055
-97.114204,41.250801,47.5166,1631.8898
-97.114155,41.2508,46.3699,1632.874
-97.114104,41.250798,48.6753,1633.2021
-97.114055,41.250797,48.5136,1634.1864
-97.114005,41.250795,47.8694,1634.8425
-97.113954,41.250794,45.0424,1635.4987
-97.113903,41.250792,42.7527,1635.8268
-97.113854,41.250791,42.9856,1636.811
-97.113802,41.250792,41.6747,1637.4672
-97.113752,41.250792,44.9768,1637.7953
-97.113702,41.250791,37.0684,1638.4514
-97.113652,41.250792,36.5501,1639.1076
-97.113601,41.250791,36.3155,1639.4357
-97.113549,41.25079,42.6415,1639.7638
-97.113497,41.250789,40.3114,1639.7638
-97.113445,41.250788,39.264,1639.7638
-97.113392,41.250789,37.4183,1639.4357
-97.11334,41.250788,34.8878,1639.4357
-97.113286,41.250789,33.1694,1639.1076
-97.113234,41.25079,40.8397,1638.7795
-97.11318,41.250791,53.5502,1638.4514
-97.113127,41.250791,44.4361,1637.7953
-97.113073,41.250792,17.8904,1636.4829
-97.113154,41.250899,31.4974,1636.1549
-97.113248,41.250898,33.2284,1637.1391
-97.113297,41.250899,33.5112,1637.4672
-97.113347,41.2509,32.6672,1637.7953
-97.113397,41.2509,33.2813,1638.1234
-97.113447,41.2509,39.9867,1638.1234
-97.113498,41.250901,41.0169,1637.7953
-97.11355,41.250903,38.704,1637.4672
-97.113602,41.250903,36.483,1637.1391
-97.113654,41.250903,37.3973,1637.1391
-97.113704,41.250904,42.7208,1636.811
-97.113754,41.250904,46.8864,1636.4829
-97.113806,41.250906,33.2299,1635.8268
-97.113859,41.250907,35.6786,1635.1706
-97.113912,41.25091,46.6622,1634.1864
-97.113965,41.250909,45.1652,1633.5302
-97.114017,41.250911,45.8782,1633.2021
-97.114068,41.250911,47.9282,1632.5459
-97.11412,41.250912,47.9716,1631.8898
-97.114173,41.250915,46.1615,1630.9055
-97.114227,41.250916,45.3284,1629.9213
-97.11428,41.250917,38.409,1628.937
-97.114332,41.25092,29.4139,1627.6247
-97.114363,41.251025,61.2519,1628.6089
-97.114321,41.251024,54.0457,1628.937
-97.114277,41.251023,47.2519,1629.5932
-97.114233,41.251022,44.374,1629.9213
-97.114188,41.25102,50.212,1630.5774
-97.114143,41.25102,46.0959,1630.9055
-97.114098,41.251019,47.9465,1631.8898
-97.114051,41.251018,51.737,1632.5459
-97.114002,41.251018,46.1945,1632.874
-97.113954,41.251018,43.6901,1633.5302
-97.113907,41.251015,43.1503,1634.1864
-97.113859,41.251016,38.311,1634.5144
-97.113811,41.251016,36.4089,1634.8425
-97.113763,41.251015,34.0987,1635.4987
-97.113715,41.251015,29.2878,1635.8268
-97.113665,41.251011,28.7211,1636.1549
-97.113614,41.251009,28.5668,1635.8268
-97.113563,41.251007,35.1362,1635.8268
-97.113513,41.251009,45.8556,1636.1549
-97.113464,41.251008,50.871,1636.1549
-97.113414,41.251008,42.3826,1636.4829
-97.113365,41.251007,33.6106,1636.1549
-97.113315,41.251005,17.1221,1636.1549
-97.113432,41.251121,39.9562,1634.8425
-97.113482,41.251121,37.0574,1634.8425
-97.113531,41.251121,41.2164,1635.1706
-97.113581,41.251123,38.6253,1635.1706
-97.113632,41.251123,40.2235,1634.8425
-97.113681,41.251124,47.3099,1634.8425
-97.113732,41.251124,40.8088,1634.5144
-97.113782,41.251126,41.5207,1633.8583
-97.113833,41.251127,46.2744,1633.5302
-97.113884,41.251128,46.4622,1632.874
-97.113935,41.25113,55,1632.2178
-97.113986,41.251132,42.8077,1631.2336
-97.114036,41.251134,44.9881,1630.5774
-97.114086,41.251135,46.0187,1630.2493
-97.114136,41.251136,48.6707,1629.5932
-97.114187,41.251137,48.7228,1628.937
-97.114238,41.251139,38.0236,1627.9528
-97.114289,41.25114,41.3184,1626.9685
-97.114337,41.251142,37.2172,1626.3123
-97.114333,41.251254,43.9261,1625.6562
-97.114292,41.251253,55.2083,1626.3123
-97.114244,41.251253,49.8046,1627.2966
-97.114196,41.251252,51.3015,1627.9528
-97.114145,41.251249,50.4866,1628.2808
-97.114094,41.251248,52.4375,1628.937
-97.114044,41.251247,53.0961,1629.2651
-97.113993,41.251244,50.3879,1629.5932
-97.113941,41.251242,46.4097,1629.9213
-97.11389,41.251241,48.4462,1630.2493
-97.113836,41.251237,41.7496,1630.2493
-97.113783,41.251236,39.5505,1630.2493
-97.11373,41.251234,39.8074,1630.5774
-97.113676,41.251233,41.0013,1630.5774
-97.113625,41.251231,44.3362,1630.5774
-97.113574,41.251231,24.8195,1630.9055
-97.113529,41.251231,18.6199,1630.5774
-97.113628,41.251345,33.9521,1629.5932
-97.113675,41.251346,33.9197,1629.5932
-97.113725,41.251347,43.5279,1629.9213
-97.113777,41.251348,45.4543,1629.9213
-97.113827,41.25135,52.8629,1629.9213
-97.113879,41.251351,51.3709,1629.2651
-97.11393,41.251352,36.7041,1629.2651
-97.113982,41.251354,22.3113,1628.6089
-97.114034,41.251356,17.4842,1627.6247
-97.114083,41.251358,6.9537,1626.9685
-97.11367,41.251288,42.5524,1631.8898
-97.113723,41.251289,43.4861,1631.8898
-97.113776,41.25129,41.6562,1632.2178
-97.113829,41.251292,42.1771,1631.8898
-97.113884,41.251293,43.0651,1631.2336
-97.113938,41.251295,40.8439,1630.5774
-97.113993,41.251296,49.6842,1629.5932
-97.114047,41.251299,51.1298,1628.937
-97.114101,41.251303,50.9051,1628.2808
-97.114155,41.251305,45.2378,1627.6247
-97.114293,41.251195,51.4783,1627.9528
-97.114241,41.251193,43.6906,1628.6089
-97.11419,41.251191,47.3313,1629.5932
-97.114136,41.251188,50.7122,1630.2493
-97.114084,41.251185,50.8094,1630.9055
-97.114032,41.251182,50.8201,1631.8898
-97.11398,41.251181,45.7331,1632.2178
-97.113928,41.25118,40.5531,1632.874
-97.113875,41.251178,43.4862,1633.5302
-97.113821,41.251178,37.4534,1633.8583
-97.113768,41.251177,26.2867,1633.8583
-97.113713,41.251176,41.2531,1634.5144
-97.113659,41.251176,48.5372,1634.5144
-97.113606,41.251176,28.0524,1634.8425
-97.113552,41.251176,33.1971,1634.8425
-97.113497,41.251177,22.5161,1634.8425
-97.113357,41.251056,47.0112,1634.5144
-97.113391,41.251063,58.2584,1634.8425
-97.113438,41.251066,46.5349,1634.8425
-97.113492,41.251067,41.5416,1635.1706
-97.113544,41.251067,42.0877,1635.4987
-97.1136,41.251068,46.4087,1635.4987
-97.113653,41.251069,34.7815,1635.1706
-97.113709,41.25107,41.6664,1634.8425
-97.113764,41.251072,36.3768,1634.1864
-97.113817,41.251074,42.7441,1633.5302
-97.113871,41.251075,41.6435,1633.2021
-97.113926,41.251076,44.1965,1632.5459
-97.113982,41.251078,47.7476,1631.8898
-97.114037,41.251079,49.5322,1630.5774
-97.11409,41.251079,53.4736,1630.2493
-97.114143,41.25108,51.6064,1629.9213
-97.114198,41.251084,47.6753,1628.6089
-97.114254,41.251086,35.7292,1627.6247
-97.114309,41.251087,36.2803,1626.6404
-97.11436,41.251089,26.6689,1625
-97.114311,41.250974,50.3936,1626.3123
-97.114266,41.250972,51.3142,1627.2966
-97.114219,41.250971,48.6621,1627.9528
-97.114168,41.25097,42.3765,1629.2651
-97.114117,41.250968,40.0404,1629.9213
-97.114063,41.250967,39.1982,1630.5774
-97.114013,41.250966,46.4228,1631.2336
-97.113961,41.250966,47.8366,1632.2178
-97.113909,41.250965,35.0146,1632.874
-97.113857,41.250965,28.612,1633.8583
-97.113799,41.250962,30.0366,1634.1864
-97.113743,41.25096,31.1591,1634.5144
-97.113685,41.25096,37.9528,1634.8425
-97.113626,41.250958,41.6494,1635.1706
-97.113569,41.250958,39.2232,1635.4987
-97.11351,41.250957,39.6607,1635.4987
-97.113451,41.250956,36.0638,1635.4987
-97.113391,41.250957,35.9998,1635.4987
-97.113331,41.250955,32.9988,1635.1706
-97.11327,41.250953,22.2309,1634.5144
-97.113083,41.250839,38.5357,1634.5144
-97.113114,41.250846,49.2843,1634.8425
-97.113152,41.250848,49.0661,1635.4987
-97.1132,41.250849,44.7095,1635.8268
-97.113249,41.250849,36.4925,1636.1549
-97.113297,41.250849,39.9672,1636.4829
-97.113345,41.250849,40.0684,1636.811
-97.113395,41.250849,38.6704,1637.1391
-97.113445,41.250849,36.7642,1636.811
-97.113494,41.250849,39.8697,1637.1391
-97.113544,41.250851,41.2212,1637.1391
-97.113595,41.250851,39.0056,1636.4829
-97.113647,41.250853,44.9731,1636.4829
-97.113699,41.250853,39.7026,1636.1549
-97.113747,41.250854,41.1567,1635.8268
-97.113798,41.250854,44.1643,1635.8268
-97.11385,41.250854,46.3024,1635.4987
-97.113901,41.250855,38.2933,1635.1706
-97.113954,41.250854,43.1749,1634.5144
-97.114005,41.250854,46.4303,1633.8583
-97.114058,41.250856,44.1548,1633.2021
-97.114111,41.250858,45.6499,1632.2178
-97.114163,41.250859,49.8024,1631.2336
-97.114215,41.25086,43.5579,1630.2493
-97.114268,41.250861,44.2985,1628.6089
-97.114319,41.250863,35.3995,1627.9528
-97.114348,41.250755,41.5913,1629.5932
-97.1143,41.250752,44.297,1629.9213
-97.114254,41.250752,46.6146,1631.2336
-97.114207,41.250752,45.4542,1632.5459
-97.11416,41.25075,47.265,1633.5302
-97.114111,41.250747,44.5299,1634.1864
-97.114062,41.250744,40.029,1635.1706
-97.114013,41.250743,43.6891,1635.8268
-97.113963,41.250743,49.5981,1636.1549
-97.113914,41.250741,47.8977,1636.811
-97.113863,41.25074,44.6791,1637.4672
-97.11381,41.250739,46.3801,1638.1234
-97.113757,41.250739,39.5782,1638.7795
-97.113706,41.250737,32.7357,1639.1076
-97.113653,41.250738,36.5538,1639.4357
-97.113601,41.250737,32.6477,1639.7638
-97.113549,41.250736,37.5792,1640.0919
-97.113494,41.250735,37.9767,1640.0919
-97.11344,41.250735,33.3455,1640.0919
-97.113387,41.250734,37.778,1640.0919
-97.113333,41.250734,42.1886,1640.0919
-97.113278,41.250733,35.9146,1639.7638
-97.113225,41.250734,31.7165,1639.7638
-97.11317,41.250737,38.8011,1639.1076
-97.113115,41.250738,33.3302,1638.4514
-97.11306,41.250739,28.7312,1637.7953
-97.113009,41.25074,24.8498,1637.1391
-97.112958,41.250737,16.0283,1636.811
-97.11288,41.25063,56.3321,1636.811
-97.11293,41.250629,46.3055,1637.4672
-97.112981,41.250629,39.1928,1638.1234
-97.113032,41.250628,39.7391,1638.7795
-97.113082,41.250628,40.7017,1639.4357
-97.113133,41.250627,43.6248,1640.0919
-97.113186,41.250626,47.9822,1640.4199
-97.113239,41.250626,37.3166,1640.748
-97.113291,41.250624,38.7365,1641.0761
-97.113344,41.250623,35.7668,1641.4042
-97.113397,41.250623,38.0096,1641.7323
-97.113448,41.250623,38.7967,1641.7323
-97.113501,41.250624,40.9596,1641.7323
-97.113555,41.250624,40.7487,1641.7323
-97.113607,41.250625,38.2349,1641.4042
-97.113661,41.250625,46.8233,1641.4042
-97.113714,41.250626,41.1914,1640.748
-97.113766,41.250628,42.8135,1640.748
-97.11382,41.250628,44.6115,1640.4199
-97.113873,41.250629,46.2774,1639.7638
-97.113926,41.250629,43.159,1639.4357
-97.113978,41.25063,44.068,1639.1076
-97.114032,41.25063,44.5911,1638.4514
-97.114086,41.250632,44.0922,1637.4672
-97.11414,41.250633,41.3838,1636.811
-97.114195,41.250634,45.8645,1635.8268
-97.11425,41.250635,47.2197,1634.8425
-97.114304,41.250637,42.367,1633.5302
-97.114303,41.250526,44.0196,1633.8583
-97.114254,41.250524,52.4542,1634.8425
-97.114203,41.250524,45.0209,1635.8268
-97.114149,41.250523,43.9261,1635.8268
-97.114098,41.250522,41.7261,1636.4829
-97.114046,41.250522,45.1839,1637.4672
-97.113993,41.250521,41.802,1638.1234
-97.11394,41.25052,40.851,1638.4514
-97.113887,41.250519,39.4995,1638.7795
-97.113836,41.25052,40.6778,1639.4357
-97.113784,41.25052,41.7359,1639.7638
-97.113731,41.250519,49.6446,1640.4199
-97.113678,41.250519,47.1399,1640.748
-97.113624,41.250518,43.449,1641.0761
-97.113572,41.250518,41.4681,1641.7323
-97.113519,41.250516,46.6086,1641.7323
-97.113466,41.250515,44.6921,1641.7323
-97.113413,41.250515,50.6692,1642.0604
-97.11336,41.250514,40.9932,1642.0604
-97.113308,41.250511,40.4871,1642.3885
-97.113254,41.250511,34.374,1642.3885
-97.113199,41.250512,35.406,1642.3885
-97.113144,41.250511,31.1516,1642.3885
-97.11309,41.250512,35.3073,1642.3885
-97.113036,41.250513,42.4185,1642.0604
-97.112982,41.250513,35.0581,1642.0604
-97.112927,41.250513,33.8749,1641.4042
-97.112872,41.250514,38.7732,1641.0761
-97.112816,41.250516,44.6439,1640.0919
-97.112762,41.250519,32.1441,1639.1076
