code,county_id,elevation,id,lat,lon,name,state_abbr
205434,2637,195.1,430,43.6089,-84.2011,MIDLAND,MI
342944,2037,627.9,827,35.2164,-99.8628,ERICK,OK
358797,1421,682.8,896,43.9814,-117.2439,VALE,OR
020080,1306,539.5,16,32.3697,-112.86,AJO,AZ
021026,1243,271.3,17,33.3761,-112.5828,BUCKEYE,AZ
021248,2661,1709.9,18,36.1533,-109.5394,CANYON DE CHELLY,AZ
021514,1243,434.3,19,33.2058,-111.6819,CHANDLER HEIGHTS,AZ
021614,426,807.7,20,34.3494,-111.6981,CHILDS,AZ
023160,1624,2239.4,21,35.2681,-111.7428,FT VALLEY,AZ
023596,1624,2068.1,22,36.0528,-112.1503,GRAND CANYON NP 2,AZ
024089,946,1549.9,23,34.9094,-110.1544,HOLBROOK,AZ
024645,425,1078.7,24,35.2,-114.0167,KINGMAN #2,AZ
024849,1624,978.4,25,36.8644,-111.6022,LEES FERRY,AZ
025512,1951,1085.1,26,33.4044,-110.87,MIAMI,AZ
026250,2490,128.0,27,34.1547,-114.2897,PARKER,AZ
026353,1492,1325.9,28,31.9356,-109.8378,PEARCE SUNSITES,AZ
026796,426,1586.5,29,34.5706,-112.4322,PRESCOTT,AZ
027281,1951,672.1,30,33.6731,-111.1508,ROOSEVELT 1 WNW,AZ
027370,861,391.7,31,33.08,-111.7417,SACATON,AZ
027390,2024,900.4,32,32.815,-109.6808,SAFFORD AGRICULTRL CTR,AZ
027435,2661,1764.8,33,34.5172,-109.4028,SAINT JOHNS,AZ
027716,426,1600.2,34,35.3322,-112.8797,SELIGMAN,AZ
028619,1492,1405.1,35,31.7056,-110.0569,TOMBSTONE,AZ
028815,1306,742.2,36,32.2292,-110.9536,TUCSON WFO,AZ
029271,946,1560.6,37,33.8169,-109.9833,WHITERIVER 1 SW,AZ
029287,1243,638.6,38,33.9792,-112.7403,WICKENBURG,AZ
029359,1624,2057.4,39,35.2406,-112.1903,WILLIAMS,AZ
029652,797,58.2,40,32.6114,-114.635,YUMA CITRUS STN,AZ
030936,247,56.4,41,34.8822,-91.2153,BRINKLEY,AR
031596,1863,96.0,42,35.0842,-92.4289,CONWAY,AR
031632,1862,91.4,43,36.4197,-90.5858,CORNING,AR
032356,104,432.8,44,36.4164,-93.7917,EUREKA SPRINGS 3 WNW,AR
032444,1619,387.1,45,36.1006,-94.1744,FAYETTEVILLE EXP STN,AR
032930,2543,384.0,46,36.4261,-94.4481,GRAVETTE,AR
034572,713,153.0,47,36.4947,-91.535,MAMMOTH SPRING,AR
034756,55,344.4,48,34.5731,-94.2494,MENA,AR
035186,335,69.5,49,35.6042,-91.2744,NEWPORT,AR
035512,1689,253.0,50,35.5125,-93.8683,OZARK 2,AR
035754,996,65.5,51,34.2256,-92.0189,PINE BLUFF,AR
035820,1173,96.0,52,36.2639,-90.9681,POCAHONTAS 1,AR
035908,454,93.9,53,33.8203,-93.3878,PRESCOTT 2 NNW,AR
036253,348,45.7,54,33.81,-91.2703,ROHWER 2 NNE,AR
036928,84,152.4,55,35.3028,-93.6369,SUBIACO,AR
040693,2252,94.5,56,37.8744,-122.2589,BERKELEY,CA
040924,1819,81.7,57,33.6131,-114.5972,BLYTHE,CA
041048,2657,-30.5,58,32.9544,-115.5581,BRAWLEY 2 SW,CA
041614,2038,1423.4,59,41.5336,-120.1736,CEDARVILLE,CA
041715,2370,56.4,60,39.6911,-121.8211,CHICO UNIV FARM,CA
041758,158,17.1,61,32.64,-117.0858,CHULA VISTA,CA
041912,171,725.4,62,39.0911,-120.9481,COLFAX,CA
042239,158,1414.3,63,32.9897,-116.5872,CUYAMACA,CA
042294,303,18.3,64,38.535,-121.7761,DAVIS 2 WSW EXP,CA
042319,1368,-59.1,65,36.4622,-116.8669,DEATH VALLEY,CA
042728,523,217.9,66,38.3306,-120.6706,ELECTRA P H,CA
042910,1869,6.1,67,40.8097,-124.1603,EUREKA WFO WOODLEY IS,CA
042941,796,932.7,68,34.7042,-118.4275,FAIRMONT,CA
043161,1352,37.5,69,39.5092,-123.7567,FT BRAGG 5 N,CA
043257,372,101.5,70,36.78,-119.7194,FRESNO YOSEMITE AP,CA
043747,157,74.7,71,36.3219,-119.6356,HANFORD 1 S,CA
043761,3007,341.4,72,41.8042,-123.3758,HAPPY CAMP RS,CA
043875,895,32.9,73,38.6175,-122.8731,HEALDSBURG,CA
044232,1368,1204.0,74,36.7981,-118.2036,INDEPENDENCE,CA
044259,1819,-6.4,75,33.7086,-116.2153,INDIO FIRE STN,CA
044713,2337,1571.5,76,39.3183,-120.6392,LAKE SPAULDING,CA
044890,2471,156.4,77,36.3817,-119.0264,LEMON COVE,CA
044997,2252,146.3,78,37.6922,-121.7692,LIVERMORE,CA
045032,400,12.2,79,38.1061,-121.2878,LODI,CA
045385,1709,17.4,80,39.1458,-121.5853,MARYSVILLE,CA
045532,446,46.6,81,37.2858,-120.5117,MERCED,CA
045983,3007,1094.2,82,41.3206,-122.3081,MT SHASTA,CA
046074,1110,10.7,83,38.2778,-122.2647,NAPA STATE HOSPITAL,CA
046118,1495,271.3,84,34.7675,-114.6189,NEEDLES AP,CA
046175,2648,3.0,85,33.6025,-117.8803,NEWPORT BEACH HARBOR,CA
046399,793,227.1,86,34.4478,-119.2275,OJAI,CA
046506,3148,77.4,87,39.7458,-122.1997,ORLAND,CA
046508,1869,122.8,88,41.3089,-123.5317,ORLEANS,CA
046719,796,263.3,89,34.1483,-118.1447,PASADENA,CA
046730,3196,213.4,90,35.6278,-120.6856,PASO ROBLES,CA
046826,895,6.1,91,38.2578,-122.6078,PETALUMA AP,CA
047195,2876,1042.4,92,39.9367,-120.9475,QUINCY,CA
047304,1171,151.5,93,40.5175,-122.2986,REDDING MUNI AP,CA
047306,1495,401.7,94,34.0528,-117.1894,REDLANDS,CA
047851,3196,96.0,95,35.3056,-120.6639,SAN LUIS OBISPO POLY,CA
047902,829,1.5,96,34.4167,-119.6844,SANTA BARBARA,CA
047916,553,39.6,97,36.9906,-121.9911,SANTA CRUZ,CA
047965,895,53.0,98,38.4381,-122.6978,SANTA ROSA,CA
048702,1104,1275.3,99,40.4167,-120.6631,SUSANVILLE 2SW,CA
048758,171,1898.9,100,39.1678,-120.1428,TAHOE CITY,CA
048839,1828,434.3,101,35.0233,-118.7497,TEJON RANCHO,CA
049087,2648,71.6,102,33.7025,-117.7539,TUSTIN IRVINE RCH,CA
049122,1352,193.9,103,39.1467,-123.2103,UKIAH,CA
049200,1443,33.5,104,38.3956,-121.9608,VACAVILLE,CA
049452,1828,105.2,105,35.5975,-119.3531,WASCO,CA
049490,1312,599.8,106,40.7222,-122.9331,WEAVERVILLE,CA
049699,3148,71.0,107,39.5231,-122.3058,WILLOWS 6 W,CA
049855,1079,1224.7,108,37.75,-119.5897,YOSEMITE PARK HQ,CA
049866,3007,800.1,109,41.7036,-122.6408,YREKA,CA
050848,1010,1671.5,110,39.9919,-105.2667,BOULDER,CO
051294,1118,1635.6,111,38.46,-105.2256,CANON CITY,CO
051528,935,2097.0,112,39.2203,-105.2783,CHEESMAN,CO
051564,53,1295.4,113,38.8236,-102.3486,CHEYENNE WELLS,CO
051741,534,1822.7,114,39.2425,-107.9631,COLLBRAN,CO
052184,2221,2396.9,115,37.6742,-106.3247,DEL NORTE 2E,CO
052281,939,2763.0,116,39.6261,-106.0353,DILLON 1 E,CO
052446,2894,1284.7,117,38.4775,-102.7808,EADS,CO
053005,2062,1525.2,118,40.6147,-105.1314,FT COLLINS,CO
053038,1420,1328.6,119,40.26,-103.8156,FT MORGAN,CO
053146,534,1378.9,120,39.1653,-108.7331,FRUITA,CO
053662,2923,2323.8,121,38.5258,-106.9675,GUNNISON 3SW,CO
053951,244,2757.8,122,37.7717,-107.1097,HERMIT 7 ESE,CO
054076,811,1033.3,123,38.0494,-102.1236,HOLLY,CO
054770,811,1105.5,124,38.0936,-102.6306,LAMAR,CO
054834,1775,1185.7,125,38.0636,-103.2153,LAS ANIMAS,CO
055322,2864,2343.9,126,37.1742,-105.9392,MANASSA,CO
055722,1025,1764.5,127,38.4858,-107.8792,MONTROSE #2,CO
057167,278,1271.0,128,38.0392,-103.6933,ROCKY FORD 2 SE,CO
057337,16,2347.3,129,38.0858,-106.1444,SAGUACHE,CO
057936,1928,2094.0,130,40.4883,-106.8233,STEAMBOAT SPRINGS,CO
058204,1030,2643.2,131,37.9492,-107.8733,TELLURIDE 4WNW,CO
058429,3160,1837.9,132,37.1786,-104.4869,TRINIDAD,CO
059243,455,1121.7,133,40.0583,-102.2189,WRAY,CO
062658,2363,167.6,134,41.95,-73.3667,FALLS VILLAGE,CT
063207,1060,12.2,135,41.3506,-72.0394,GROTON,CT
067970,398,57.9,136,41.1247,-73.5475,STAMFORD 5 N,CT
068138,1566,198.1,137,41.795,-72.2283,STORRS,CT
072730,2913,9.1,138,39.2583,-75.5167,DOVER,DE
073595,198,13.7,139,38.8161,-75.5761,GREENWOOD 2NE,DE
075915,198,10.7,140,38.8983,-75.425,MILFORD 2 SE,DE
076410,984,27.4,141,39.6694,-75.7514,NEWARK UNIV FARM,DE
079605,984,82.3,142,39.7739,-75.5414,WILMINGTON PORTER RES,DE
080211,1385,6.1,143,29.7258,-85.0206,APALACHICOLA AP,FL
080228,1059,9.1,144,27.2181,-81.8739,ARCADIA,FL
080478,2217,38.1,145,27.8986,-81.8433,BARTOW,FL
080611,99,6.1,146,26.6928,-80.6711,BELLE GLADE,FL
082220,579,74.7,147,30.7244,-86.0939,DE FUNIAK SPRINGS 1,FL
082850,2347,1.5,148,25.8489,-81.3897,EVERGLADES,FL
082915,357,1.5,149,29.755,-81.5389,FEDERAL POINT,FL
082944,2747,4.0,150,30.6589,-81.4636,FERNANDINA BEACH,FL
083163,766,4.9,151,26.1019,-80.2011,FT LAUDERDALE,FL
083186,1901,4.6,152,26.585,-81.8614,FT MYERS PAGE FLD,FL
083207,2241,7.6,153,27.4622,-80.3539,FT PIERCE,FL
084289,864,12.2,154,28.8031,-82.3125,INVERNESS 3 SE,FL
084570,1680,1.2,155,24.555,-81.7522,KEY WEST INTL AP,FL
084731,2321,59.4,156,30.1853,-82.5942,LAKE CITY 2 E,FL
085275,2487,36.6,157,30.4517,-83.4119,MADISON,FL
086414,2545,22.9,158,29.0803,-82.0778,OCALA,FL
086997,264,34.1,159,30.4781,-87.1869,PENSACOLA RGNL AP,FL
087020,130,3.0,160,25.5819,-80.4361,PERRINE 4W,FL
087851,1398,57.9,161,28.3378,-82.26,SAINT LEO,FL
088758,3135,16.8,162,30.3931,-84.3533,TALLAHASSEE WSO AP,FL
088824,1336,2.4,163,28.1586,-82.7644,TARPON SPGS SEWAGE PL,FL
088942,2822,1.5,164,28.6242,-80.8158,TITUSVILLE,FL
090140,289,54.9,165,31.5339,-84.1489,ALBANY 3 SE,GA
090586,518,57.9,166,30.8228,-84.6175,BAINBRIDGE INTL PAPER,GA
116579,1977,213.4,167,39.3722,-89.0242,PANA 3E,IL
091340,3057,4.0,168,31.1681,-81.5022,BRUNSWICK,GA
091500,2787,53.3,169,31.1903,-84.2036,CAMILLA 3SE,GA
092318,2844,234.4,170,33.5972,-83.8436,COVINGTON,GA
092475,2993,475.5,171,34.5292,-83.99,DAHLONEGA,GA
092966,1653,121.9,172,32.2003,-83.2058,EASTMAN 1 W,GA
093621,1295,356.6,173,34.3006,-83.86,GAINESVILLE,GA
093754,2926,61.0,174,31.9881,-81.9522,GLENNVILLE 3NW,GA
094170,510,74.7,175,33.2842,-83.4681,HAWKINSVILLE,GA
095874,3128,112.2,176,33.0831,-83.2497,MILLEDGEVILLE,GA
095882,2401,59.4,177,32.8703,-81.9672,MILLEN 4 N,GA
096335,1511,272.5,178,33.4544,-84.8178,NEWNAN 5N,GA
097276,2491,56.4,179,30.7836,-83.5692,QUITMAN 2 NW,GA
097600,588,200.9,180,34.2453,-85.1514,ROME,GA
097847,469,14.0,181,32.13,-81.21,SAVANNAH INTL AP,GA
098535,1588,195.1,182,32.6875,-84.5197,TALBOTTON,GA
098703,1157,115.8,183,31.4461,-83.4767,TIFTON,GA
098740,1818,308.5,184,34.5786,-83.3319,TOCCOA,GA
099141,2398,149.4,185,33.4028,-82.6222,WARRENTON,GA
099157,2930,189.0,186,33.7264,-82.7058,WASHINGTON 2 ESE,GA
099186,1811,44.2,187,31.2514,-82.3128,WAYCROSS 4 NE,GA
099291,921,175.3,188,32.8694,-85.1892,WEST POINT,GA
100010,296,1342.6,189,42.9536,-112.8253,ABERDEEN EXP STN,ID
100448,1047,986.0,190,43.5936,-115.9236,ARROWROCK DAM,ID
100470,2237,1588.6,191,44.0425,-111.2739,ASHTON 1N,ID
100803,2936,1817.8,192,42.3353,-111.385,BERN,ID
101408,2701,807.7,193,44.5733,-116.6753,CAMBRIDGE,ID
101956,75,650.1,194,47.6789,-116.8017,COEUR DALENE,ID
102845,2013,303.3,195,46.5022,-116.3217,DWORSHAK FISH HATCHERY,ID
103143,981,475.5,196,46.0931,-115.5356,FENN RS,ID
103631,1047,751.6,197,42.9403,-115.3231,GLENNS FERRY,ID
103732,2900,1691.6,198,42.5872,-111.7275,GRACE,ID
104140,789,1237.5,199,42.5972,-114.1378,HAZELTON,ID
104295,2522,1379.2,200,42.3528,-114.5739,HOLLISTER,ID
104670,789,1140.0,201,42.7325,-114.5192,JEROME,ID
104831,2096,707.1,202,47.5311,-116.1267,KELLOGG,ID
104845,1014,1795.3,203,43.6842,-114.3603,KETCHUM RS,ID
105241,1108,437.7,204,46.3747,-117.0156,LEWISTON AP,ID
105275,2936,1806.2,205,42.1231,-111.3139,LIFTON PUMPING STN,ID
105462,97,1797.4,206,43.9181,-113.6317,MACKAY LOST RIVER RS,ID
105559,361,1362.5,207,42.1492,-112.2872,MALAD CITY,ID
105685,1906,1539.2,208,44.5664,-113.8953,MAY 2SSE,ID
106152,509,810.8,209,46.7244,-116.9608,MOSCOW U OF I,ID
106305,3133,752.9,210,43.6039,-116.5753,NAMPA SUGAR FACTORY,ID
106388,1429,1179.6,211,44.9647,-116.2864,NEW MEADOWS RS,ID
106542,1933,1389.6,212,42.2342,-113.8981,OAKLEY,ID
106891,2095,655.3,213,44.0772,-116.9297,PAYETTE,ID
107264,2935,541.0,214,48.9958,-116.5031,PORTHILL,ID
107386,291,725.4,215,48.3514,-116.8358,PRIEST RIVER EXP STN,ID
108080,1906,1198.2,216,45.1875,-113.9008,SALMON-KSRA,ID
108137,291,640.1,217,48.2928,-116.5578,SANDPOINT EXP STN,ID
110072,118,219.5,218,41.1961,-90.7478,ALEDO,IL
110187,1526,195.1,219,37.4814,-89.2344,ANNA 2 NNE,IL
110338,274,201.2,220,41.7806,-88.3092,AURORA,IL
111280,2621,189.3,221,39.2883,-89.8703,CARLINVILLE,IL
111436,841,198.1,222,39.4761,-88.1653,CHARLESTON,IL
112140,2153,170.1,223,40.1389,-87.6483,DANVILLE,IL
112193,910,189.0,224,39.8275,-88.9525,DECATUR WTP,IL
112348,1091,213.4,225,41.8472,-89.5047,DIXON 1 NW,IL
112483,1926,128.0,226,37.9878,-89.1931,DU QUOIN 4 SE,IL
113335,1855,246.9,227,41.1744,-90.0356,GALVA,IL
113879,2523,111.3,228,37.7408,-88.5244,HARRISBURG,IL
114108,905,192.0,229,39.15,-89.4833,HILLSBORO,IL
114198,2153,216.4,230,40.4744,-87.6561,HOOPESTON 1 NE,IL
114442,2160,185.9,231,39.7347,-90.1978,JACKSONVILLE 2E,IL
114823,592,210.3,232,40.5839,-90.9686,LA HARPE,IL
115079,2631,177.7,233,40.1514,-89.3381,LINCOLN,IL
115326,2952,248.4,234,42.2928,-88.6469,MARENGO,IL
115515,1338,135.9,235,38.0844,-88.5425,MCLEANSBORO,IL
115712,1922,228.6,236,40.9125,-89.0339,MINONK,IL
115768,2277,227.1,237,40.9247,-90.6392,MONMOUTH,IL
115833,2623,183.8,238,41.8039,-89.9744,MORRISON,IL
115901,2987,195.1,239,42.0981,-89.9842,MT CARROLL,IL
115943,2640,149.4,240,38.3483,-88.8533,MT VERNON 3 NE,IL
116446,1246,146.3,241,38.7003,-88.0819,OLNEY 2S,IL
116526,2076,160.0,242,41.3283,-88.9106,OTTAWA 5SW,IL
116558,794,140.2,243,39.0028,-87.6225,PALESTINE,IL
116610,2702,207.3,244,39.6356,-87.6933,PARIS WTR WKS,IL
116738,1921,198.1,245,39.8058,-90.8236,PERRY 6 NW,IL
116910,1632,198.1,246,40.8853,-88.6389,PONTIAC,IL
117551,1436,201.2,247,40.1158,-90.5608,RUSHVILLE,IL
118147,1911,163.1,248,38.1167,-89.7167,SPARTA 1 W,IL
118740,2700,219.8,249,40.0839,-88.2403,URBANA,IL
118916,786,210.3,250,41.5519,-89.5989,WALNUT,IL
119241,1866,176.8,251,39.4411,-90.3789,WHITE HALL 1 E,IL
119354,1977,210.3,252,39.4381,-88.5986,WINDSOR,IL
120177,2855,257.6,253,40.1122,-85.7175,ANDERSON SEWAGE PLT,IN
120200,40,307.8,254,41.6397,-84.9897,ANGOLA,IN
120676,3042,265.2,255,40.6683,-84.9305,BERNE WWTP,IN
120784,2823,253.0,256,39.1742,-86.5214,BLOOMINGTON IN UNIV,IN
121030,925,192.0,257,39.4239,-85.0128,BROOKVILLE,IN
121229,519,304.8,258,39.8667,-85.1833,CAMBRIDGE CITY 3 N,IN
121425,1750,167.6,259,38.4833,-85.7,CHARLESTOWN 5 NNW,IN
121747,967,189.3,260,39.1978,-85.9211,COLUMBUS,IN
121873,1005,256.0,261,40.0028,-86.8011,CRAWFORDSVILLE 6 SE,IN
122149,991,169.5,262,40.615,-86.6661,DELPHI 2 N,IN
123418,1600,266.7,263,41.5575,-85.8825,GOSHEN 3SW,IN
123513,2866,224.0,264,39.6439,-86.8767,GREENCASTLE 1 W,IN
123527,224,263.7,265,39.7858,-85.7611,GREENFIELD,IN
124008,838,195.1,266,41.5422,-87.2881,HOBART 2 WNW,IN
124181,62,221.0,267,40.8556,-85.4981,HUNTINGTON,IN
124837,135,257.6,268,41.6117,-86.7297,LAPORTE,IN
125237,1591,140.2,269,38.7369,-85.3942,MADISON SEWAGE PLT,IN
125337,1851,240.8,270,40.58,-85.6586,MARION 2 N,IN
126001,855,108.8,271,37.9286,-87.8956,MT VERNON,IN
126580,3138,198.1,272,38.8894,-86.5519,OOLITIC PURDUE EX FRM,IN
126705,672,170.7,273,38.5556,-86.4858,PAOLI,IN
127125,1021,146.3,274,38.3567,-87.5906,PRINCETON 1 W,IN
127298,38,198.1,275,40.9356,-87.1564,RENSSELAER,IN
127482,1264,234.7,276,41.0658,-86.2094,ROCHESTER,IN
127522,2964,211.2,277,39.7594,-87.2269,ROCKVILLE,IN
127646,1387,292.6,278,39.6042,-85.4528,RUSHVILLE,IN
127755,3062,243.8,279,38.6111,-86.0889,SALEM,IN
127875,810,173.7,280,38.6886,-85.785,SCOTTSBURG,IN
127935,494,173.7,281,38.9822,-85.9822,SEYMOUR 2 N,IN
128036,2774,154.2,282,38.5528,-86.7944,SHOALS 8 S,IN
129080,2073,150.9,283,38.7436,-85.0761,VEVAY,IN
129113,1715,137.2,284,38.7386,-87.4878,VINCENNES 5 NE,IN
129253,472,152.4,285,38.6489,-87.1989,WASHINGTON 1 W,IN
129511,38,202.7,286,41.1947,-87.0578,WHEATFIELD,IN
129557,2317,289.0,287,39.9961,-86.3542,WHITESTOWN,IN
129670,1685,210.3,288,41.0267,-86.5867,WINAMAC 2SSE,IN
130112,2744,268.2,289,41.0656,-92.7867,ALBIA 3 NNE,IA
130133,764,377.6,290,43.0683,-94.3053,ALGONA 3 W,IA
130600,1209,246.9,291,41.8814,-92.2764,BELLE PLAINE,IA
131402,2098,309.1,292,43.0775,-92.6714,CHARLES CITY,IA
131533,2283,298.7,293,40.7244,-95.0192,CLARINDA,IA
131635,112,178.3,294,41.7947,-90.2639,CLINTON #1,IA
132724,2451,396.8,295,43.43,-94.8219,ESTHERVILLE 2 N,IA
132789,748,225.6,296,41.0211,-91.9553,FAIRFIELD,IA
132864,1067,344.4,297,42.8503,-91.8158,FAYETTE,IA
132977,3195,396.2,298,43.2844,-93.6306,FOREST CITY 2 NNE,IA
132999,743,347.5,299,42.5836,-94.2006,FORT DODGE 5NNW,IA
134063,1071,287.1,300,41.3656,-93.6481,INDIANOLA 2W,IA
134142,2185,344.4,301,42.5189,-93.2536,IOWA FALLS,IA
134735,2222,364.2,302,42.7817,-96.1458,LE MARS,IA
134894,741,301.8,303,41.6381,-95.7883,LOGAN,IA
135769,834,359.7,304,40.7053,-94.2428,MT AYR,IA
135796,2675,222.5,305,40.9486,-91.5647,MT PLEASANT 1 SSW,IA
135952,1124,349.9,306,43.0453,-92.3122,NEW HAMPTON,IA
137147,2669,411.5,307,43.43,-96.1686,ROCK RAPIDS,IA
137161,799,364.2,308,42.3969,-94.6292,ROCKWELL CITY,IA
137979,1470,434.3,309,42.6347,-95.1694,STORM LAKE 2 E,IA
138296,2742,289.3,310,42.0356,-92.5806,TOLEDO 3N,IA
138688,3050,210.3,311,41.2828,-91.7067,WASHINGTON,IA
140264,2686,408.4,312,37.155,-98.0283,ANTHONY,KS
140365,2436,600.5,313,37.1942,-99.7633,ASHLAND,KS
140405,1315,288.0,314,39.5756,-95.1108,ATCHISON,KS
141704,1572,634.9,315,37.2706,-99.3272,COLDWATER,KS
141740,1274,275.8,316,37.1764,-94.8397,COLUMBUS,KS
141867,2078,402.3,317,38.6758,-96.5097,COUNCIL GROVE LAKE,KS
142401,201,393.2,318,37.8183,-96.8444,EL DORADO,KS
142459,2835,466.3,319,38.7278,-98.2267,ELLSWORTH,KS
142835,1823,257.6,320,37.8428,-94.7086,FT SCOTT,KS
143527,727,612.6,321,38.8586,-99.3358,HAYS 1 S,KS
143810,323,313.9,322,39.6703,-95.5225,HORTON,KS
143954,2612,245.4,323,37.2364,-95.7003,INDEPENDENCE,KS
144087,2838,740.7,324,38.1964,-99.9181,JETMORE 8NNW,KS
144464,2821,913.8,325,37.9411,-101.2492,LAKIN,KS
144530,251,608.1,326,38.1817,-99.0994,LARNED,KS
144559,1559,306.3,327,38.9583,-95.2514,LAWRENCE,KS
144588,2970,265.2,328,39.3256,-94.9189,LEAVENWORTH,KS
144695,2743,863.8,329,37.0222,-100.9294,LIBERAL,KS
144972,91,324.6,330,39.1972,-96.5814,MANHATTAN,KS
145152,860,463.3,331,38.3772,-97.6097,MCPHERSON,KS
145173,2135,448.1,332,37.2767,-98.58,MEDICINE LODGE,KS
145363,2320,402.9,333,39.1247,-97.7047,MINNEAPOLIS,KS
145856,514,719.3,334,39.7408,-99.8356,NORTON 9SSE,KS
145906,647,795.5,335,39.8183,-100.5331,OBERLIN,KS
145972,1265,321.6,336,38.8875,-94.7603,OLATHE 3E,KS
146128,1040,280.1,337,38.6133,-95.2808,OTTAWA,KS
147093,1340,1024.7,338,39.7675,-101.8097,SAINT FRANCIS,KS
147271,226,905.3,339,38.4819,-100.9189,SCOTT CITY,KS
147305,2999,274.3,340,37.1317,-96.1861,SEDAN,KS
147542,2029,542.5,341,39.7772,-98.7783,SMITH CTR,KS
148495,775,749.8,342,39.0297,-99.8831,WAKEENEY,KS
150254,3201,170.7,343,38.4536,-82.6131,ASHLAND,KY
150381,2193,301.8,344,36.8825,-83.8819,BARBOURVILLE,KY
150619,1183,326.1,345,37.5733,-84.2908,BEREA COLLEGE,KY
150909,2066,160.9,346,36.9647,-86.4239,BOWLING GREEN RGNL AP,KY
152791,2588,207.3,347,38.1167,-83.55,FARMERS 2 S,KY
153028,2810,140.8,348,38.2022,-84.8825,FRANKFORT DOWNTOWN,KY
153430,924,179.8,349,37.2592,-85.5022,GREENSBURG,KY
153762,1730,136.9,350,37.7558,-87.6456,HENDERSON 8 SSW,KY
153994,2654,158.5,351,36.8492,-87.5206,HOPKINSVILLE,KY
154703,2402,189.0,352,37.5108,-86.2892,LEITCHFIELD 2 N,KY
157324,2502,222.5,353,38.2,-85.2,SHELBYVILLE 1 E,KY
158709,1879,286.5,354,36.7333,-84.15,WILLIAMSBURG,KY
158714,1609,286.5,355,38.6586,-84.6106,WILLIAMSTOWN 3 W,KY
160098,337,26.5,356,31.3206,-92.4611,ALEXANDRIA,LA
160205,35,51.8,357,30.7094,-90.525,AMITE,LA
160537,1791,45.7,358,32.7689,-92.0056,BASTROP,LA
160549,2205,19.5,359,30.5372,-91.1469,BATON ROUGE METRO AP,LA
161287,1843,24.4,360,30.9594,-92.1786,BUNKIE,LA
161411,2597,54.9,361,32.5133,-92.3478,CALHOUN RSCH STN,LA
162151,2184,12.2,362,30.5272,-90.1114,COVINGTON 4 NNW,LA
162534,1967,9.1,363,30.0717,-91.0275,DONALDSONVILLE 4 SW,LA
163313,2767,3.7,364,29.8233,-91.5442,FRANKLIN 3 NW,LA
163800,1602,16.8,365,30.4192,-92.0439,GRAND COTEAU,LA
164407,2420,4.6,366,29.5858,-90.7303,HOUMA,LA
164700,1015,7.6,367,30.2003,-92.6642,JENNINGS,LA
165026,1142,11.6,368,30.205,-91.9875,LAFAYETTE FCWOS,LA
166664,3021,6.1,369,29.9167,-90.1303,NEW ORLEANS AUDUBON,LA
167344,2450,88.4,370,32.9078,-93.7981,PLAIN DEALING 4 W,LA
168163,682,23.8,371,31.9497,-91.2336,ST JOSEPH 3 N,LA
169013,2771,4.6,372,29.7758,-90.78,THIBODAUX 3 ESE,LA
169806,3225,24.4,373,32.0994,-91.7019,WINNSBORO 5 SSE,LA
170100,2811,143.3,374,44.3739,-68.2592,ACADIA NP,ME
170814,3144,323.1,375,45.6603,-69.812,BRASSUA DAM,ME
171628,1816,90.5,376,44.9197,-69.2417,CORINNA,ME
172426,140,25.9,377,44.9067,-66.9919,EASTPORT,ME
172765,2920,128.0,378,44.6889,-70.1567,FARMINGTON,ME
173046,1912,42.7,379,44.2203,-69.7889,GARDINER,ME
173944,3060,118.9,380,46.2061,-67.8417,HOULTON 5N,ME
174566,74,54.9,381,44.1,-70.2167,LEWISTON,ME
175304,1816,109.7,382,45.6503,-68.705,MILLINOCKET,ME
176905,2460,13.7,383,43.6497,-70.3003,PORTLAND JETPORT,ME
176937,3060,182.6,384,46.6539,-68.0089,PRESQUE ISLE,ME
179891,140,42.7,385,45.1572,-67.4044,WOODLAND,ME
180700,266,44.2,386,39.0303,-76.9314,BELTSVILLE,MD
181385,1302,3.0,387,38.5667,-76.0667,CAMBRIDGE WATER TRMT P,MD
181750,2232,12.2,388,39.2167,-76.0519,CHESTERTOWN,MD
182282,663,222.5,389,39.6419,-78.7561,CUMBERLAND 2,MD
182523,2905,14.9,390,38.8833,-75.8,DENTON 2 E,MD
183675,266,45.7,391,38.9689,-76.8042,GLENN DALE BELL STN,MD
185111,266,121.9,392,39.0847,-76.9003,LAUREL 3 W,MD
185718,679,6.1,393,39.2811,-76.61,MD SCI CTR BALTIMORE,MD
185985,2232,9.1,394,39.2739,-75.87,MILLINGTON 1 SE,MD
186620,1736,737.6,395,39.4133,-79.4,OAKLAND 1 SE,MD
186770,1266,48.8,396,38.6833,-76.6667,OWINGS FERRY LANDING,MD
187330,2167,6.1,397,38.2122,-75.6822,PRINCESS ANNE,MD
187806,1817,3.0,398,38.7144,-76.1897,ROYAL OAK 2 SSW,MD
188000,1952,3.0,399,38.365,-75.5892,SALISBURY,MD
189440,1208,233.2,400,39.55,-76.9667,WESTMINSTER POL BRKS,MD
189750,1048,140.2,401,39.3333,-76.8667,WOODSTOCK,MD
190120,618,45.7,402,42.3861,-72.5375,AMHERST,MA
190535,1636,48.8,403,42.4833,-71.2833,BEDFORD,MA
190736,3106,192.0,404,42.2122,-71.1136,BLUE HILL,MA
193213,1417,249.0,405,42.145,-73.4172,GREAT BARRINGTON 5 SW,MA
194105,2851,15.2,406,42.6992,-71.1658,LAWRENCE,MA
195246,1430,21.3,407,41.6333,-70.9333,NEW BEDFORD,MA
196486,3170,13.7,408,41.9819,-70.6961,PLYMOUTH-KINGSTON,MA
196681,835,6.1,409,42.05,-70.1833,PROVINCETOWN,MA
196783,1636,27.4,410,42.5242,-71.1264,READING,MA
198367,1430,6.1,411,41.9003,-71.0658,TAUNTON,MA
198757,3106,50.3,412,42.1608,-71.2458,WALPOLE 2,MA
199316,3106,64.0,413,42.1333,-71.4333,WEST MEDWAY,MA
200032,3187,231.6,414,41.9164,-84.0158,ADRIAN 2 NNE,MI
200128,2800,228.6,415,42.58,-85.7892,ALLEGAN 5NE,MI
200146,1845,224.0,416,43.3864,-84.6492,ALMA,MI
200230,1656,274.3,417,42.2947,-83.7108,ANN ARBOR U OF,MI
200779,2020,283.5,418,43.7072,-85.4822,BIG RAPIDS WTR WKS,MI
201439,610,487.4,419,46.5192,-87.9858,CHAMPION VAN RIPER PK,MI
201486,712,265.2,420,46.3414,-86.9242,CHATHAM EXP FARM 2,MI
201492,459,179.2,421,45.6528,-84.4725,CHEBOYGAN,MI
201675,526,299.9,422,41.9622,-84.9925,COLDWATER ST SCHOOL,MI
202423,2179,178.6,423,44.2839,-83.5036,EAST TAWAS,MI
202737,551,227.1,424,45.6667,-86.7167,FAYETTE 4 SW,MI
203632,1626,234.7,425,43.6747,-86.4239,HART 3 WSW,MI
203823,1682,329.2,426,41.9353,-84.6411,HILLSDALE,MI
204090,2311,326.4,427,45.7858,-88.0842,IRON MT KINGSFORD WWTP,MI
204104,1163,435.9,428,46.4656,-90.1892,IRONWOOD,MI
204244,2524,289.6,429,42.2833,-85.6,KALAMAZOO STATE HOSP,MI
205650,2289,176.8,431,42.6083,-82.8183,MT CLEMENS ANG BASE,MI
205662,3076,242.6,432,43.5858,-84.7697,MT PLEASANT UNIV,MI
205690,712,207.3,433,46.4122,-86.6625,MUNISING,MI
205816,1134,259.1,434,46.3133,-85.5106,NEWBERRY 3S,MI
206300,217,222.5,435,43.0161,-84.18,OWOSSO WWTP,MI
207690,117,189.0,436,42.4011,-86.2833,SOUTH HAVEN,MI
207812,930,442.0,437,46.0556,-88.6275,STAMBAUGH 2SSE,MI
210018,1206,276.5,438,47.2992,-96.5161,ADA,MN
210075,115,374.9,439,43.6064,-93.3019,ALBERT LEA 3 SE,MN
210252,1233,258.2,440,48.3311,-96.8253,ARGYLE,MN
210515,295,323.7,441,48.7094,-94.5869,BAUDETTE,MN
211465,3202,219.5,442,44.8,-93.5833,CHASKA,MN
211630,2326,385.6,443,46.7047,-92.5253,CLOQUET,MN
212142,1164,413.0,444,46.8372,-95.8372,DETROIT LAKES 1 NNE,MN
212645,2188,440.4,445,47.4581,-92.5303,EVELETH WWTP,MN
212698,2615,361.8,446,43.6447,-94.4656,FAIRMONT,MN
212737,1836,298.7,447,44.6697,-93.17,FARMINGTON 3 NW,MN
212916,3117,399.3,448,47.5636,-95.7244,FOSSTON 1 E,MN
213290,1832,411.5,449,43.7047,-92.5644,GRAND MEADOW,MN
213303,1460,399.3,450,47.2436,-93.4975,GRAND RPDS FOREST LAB,MN
214106,3041,454.2,451,47.2256,-95.1919,ITASCA UNIV OF MINN,MN
214652,1798,396.8,452,47.2467,-94.2228,LEECH LAKE,MN
215175,1460,422.8,453,47.6308,-93.6522,MARCELL 5NE,MN
215400,2234,310.9,454,45.1219,-95.9269,MILAN 1 NW,MN
215435,2738,265.8,455,44.8831,-93.2289,MINNEAPOLIS/ST PAUL AP,MN
215563,68,300.2,456,44.9364,-95.7536,MONTEVIDEO 1 SW,MN
215615,1627,310.3,457,45.8775,-93.3147,MORA,MN
215638,2397,347.5,458,45.5903,-95.8747,MORRIS WC EXP STN,MN
215887,2802,271.3,459,44.3006,-94.4897,NEW ULM 2 SE,MN
216152,502,335.3,460,44.7628,-94.9297,OLIVIA 3E,MN
216360,821,437.1,461,46.9006,-95.0678,PARK RAPIDS 2 S,MN
216547,2015,381.0,462,46.6694,-94.1089,PINE RIVER DAM,MN
216565,2716,519.7,463,44.0139,-96.3258,PIPESTONE,MN
217087,3189,319.1,464,48.8486,-95.7675,ROSEAU,MN
217405,2830,259.1,465,44.3222,-93.9656,ST PETER,MN
217460,772,376.1,466,46.7953,-93.3211,SANDY LAKE DAM LIBBY,MN
218419,1867,190.5,467,47.0258,-91.6653,TWO HARBORS,MN
218618,1798,429.8,468,47.0744,-94.57,WALKER AH GWAH CHING,MN
219046,2296,338.3,469,43.7692,-94.1872,WINNEBAGO,MN
219249,1396,300.2,470,44.2992,-92.6661,ZUMBROTA,MN
220021,263,60.4,471,33.83,-88.5214,ABERDEEN,MS
220488,2358,67.1,472,34.3061,-89.9806,BATESVILLE 2 SW,MS
220955,1878,149.4,473,34.6628,-88.5797,BOONEVILLE,MS
221094,947,132.6,474,31.5447,-90.4581,BROOKHAVEN CITY,MS
221389,3190,76.2,475,32.6714,-90.0361,CANTON 4N,MS
221707,2316,52.7,476,34.1864,-90.5572,CLARKSDALE,MS
221865,221,45.7,477,31.2503,-89.8361,COLUMBIA,MS
221880,809,44.2,478,33.4678,-88.3847,COLUMBUS,MS
221962,906,117.3,479,34.8792,-88.6178,CORINTH 7 SW,MS
222094,1936,148.4,480,31.9461,-90.3775,CRYSTAL SPGS EXP STN,MS
223107,288,137.2,481,32.36,-89.4208,FOREST,MS
223605,776,38.1,482,33.3592,-91.06,GREENVILLE,MS
223887,1456,117.3,483,31.2547,-89.3392,HATTIESBURG 5SW,MS
223975,3027,115.8,484,34.8161,-89.9853,HERNANDO,MS
224173,2435,147.2,485,34.8219,-89.4347,HOLLY SPRINGS 4 N,MS
224776,1821,125.0,486,33.0583,-89.5797,KOSCIUSKO,MS
224939,3038,68.6,487,31.6756,-89.1236,LAUREL,MS
225247,401,177.1,488,33.1353,-89.0711,LOUISVILLE,MS
225987,1853,58.2,489,31.5519,-90.1058,MONTICELLO,MS
226009,2737,35.7,490,33.4519,-90.5094,MOORHEAD,MS
226177,2841,59.4,491,31.5889,-91.3408,NATCHEZ,MS
226718,2355,3.7,492,30.3964,-88.4781,PASCAGOULA 3 NE,MS
227111,1790,123.4,493,34.1381,-88.9983,PONTOTOC EXP STN,MS
227128,1119,95.4,494,30.8408,-89.5453,POPLARVILLE EXP STN,MS
227132,2206,36.6,495,31.985,-90.9719,PORT GIBSON 1 NE,MS
228374,1732,56.4,496,33.4692,-88.7822,STATE UNIV,MS
229079,907,124.4,497,34.3803,-89.5358,UNIVERSITY,MS
229400,1486,94.5,498,34.1583,-89.6311,WATER VALLEY,MS
229426,2087,2.4,499,30.2947,-89.3831,WAVELAND,MS
229439,2214,61.0,500,31.6772,-88.6708,WAYNESBORO 2 W,MS
229793,2659,121.9,501,31.0928,-91.2328,WOODVILLE 4 ESE,MS
229860,1800,32.6,502,32.9028,-90.3817,YAZOO CITY 5 NNE,MS
230204,2975,259.7,503,38.1869,-94.0281,APPLETON CITY,MO
230856,1050,270.4,504,39.3447,-91.1711,BOWLING GREEN 1 E,MO
231037,1418,201.8,505,39.4247,-93.1331,BRUNSWICK,MO
231364,563,82.3,506,36.1686,-89.6642,CARUTHERSVILLE,MO
231711,15,234.7,507,38.395,-93.7711,CLINTON,MO
231822,2413,337.7,508,40.2394,-94.6833,CONCEPTION,MO
232289,1999,88.1,509,36.6206,-90.8125,DONIPHAN,MO
232809,2892,282.9,510,37.7922,-90.4103,FARMINGTON,MO
234271,1215,204.2,511,38.585,-92.1825,JEFFERSON CITY WTP,MO
234705,28,298.7,512,37.4994,-94.2697,LAMAR,MO
234825,1389,389.8,513,37.685,-92.6936,LEBANON 2W,MO
234850,2092,304.8,514,38.8803,-94.3358,LEES SUMMIT REED WR,MO
234904,324,251.5,515,39.1828,-93.855,LEXINGTON 3E,MO
235027,2766,326.1,516,37.3908,-93.9489,LOCKWOOD,MO
235253,1518,118.9,517,37.3036,-89.9664,MARBLE HILL,MO
235541,384,244.4,518,39.1756,-91.8861,MEXICO,MO
235671,200,262.1,519,39.4194,-92.4369,MOBERLY,MO
235834,378,442.0,520,37.1528,-92.2636,MTN GROVE 2 N,MO
235976,854,308.2,521,36.8639,-94.36,NEOSHO,MO
237263,1877,355.7,522,37.9572,-91.7758,ROLLA UNI OF MISSOURI,MO
237963,1034,266.7,523,40.2472,-93.7158,SPICKARD 7 W,MO
238051,359,210.3,524,39.9714,-91.8872,STEFFENVILLE,MO
238223,1392,205.7,525,38.9664,-93.4194,SWEET SPRINGS,MO
238466,3020,192.6,526,38.2581,-93.3989,TRUMAN DAM & RSVR,MO
238523,2870,323.1,527,40.475,-93.0031,UNIONVILLE,MO
238725,2065,252.1,528,38.835,-91.1386,WARRENTON 1 N,MO
240199,2909,1609.3,529,46.1314,-112.9569,ANACONDA,MT
240364,749,1240.5,530,47.4931,-112.3964,AUGUSTA,MT
240780,723,1249.7,531,45.8328,-109.9503,BIG TIMBER,MT
241044,1185,1497.5,532,45.6622,-111.0453,BOZEMAN MONTANA ST U,MT
241552,227,1024.1,533,47.2194,-111.71,CASCADE 5 S,MT
241722,415,737.6,534,48.5883,-109.2256,CHINOOK,MT
241737,2619,1172.0,535,47.8206,-112.1919,CHOTEAU,MT
242173,2762,1169.8,536,48.6033,-112.3753,CUT BANK AP,MT
242409,3229,1593.5,537,45.2128,-112.6447,DILLON WMCE,MT
242689,1019,1043.9,538,45.8903,-104.5461,EKALAKA,MT
242793,3180,1509.7,539,45.3394,-111.7111,ENNIS,MT
243013,2953,954.9,540,46.8511,-108.3133,FLATWILLOW 4 ENE,MT
243089,2977,792.2,541,48.7778,-107.4536,FORKS 4 NNE,MT
243110,2792,796.4,542,48.4983,-109.7972,FT ASSINNIBOINE,MT
243139,1795,914.4,543,48.7783,-114.8997,FORTINE 1 N,MT
243558,2946,696.5,544,48.2139,-106.6214,GLASGOW INTL AP,MT
243581,2635,632.8,545,47.1064,-104.7183,GLENDIVE,MT
243751,227,1116.8,546,47.4733,-111.3822,GREAT FALLS AP,MT
243885,2929,1080.5,547,46.2553,-114.1642,HAMILTON,MT
244038,1185,1977.8,548,44.8667,-111.3392,HEBGEN DAM,MT
244055,749,1166.8,549,46.6056,-111.9636,HELENA AP ASOS,MT
244345,2860,924.8,550,45.9228,-108.2444,HUNTLEY EXP STN,MT
244364,2797,944.9,551,45.9353,-107.1375,HYSHAM 25 SSE,MT
244522,913,798.6,552,47.3144,-106.9103,JORDAN,MT
244558,1542,901.3,553,48.3042,-114.2636,KALISPELL GLACIER AP,MT
245015,1795,638.9,554,48.4036,-115.5392,LIBBY 1 NE RS,MT
245080,2391,1484.4,555,45.4836,-110.5689,LIVINGSTON 12 S,MT
245338,2977,680.0,556,48.3939,-107.7286,MALTA 7 E,MT
245572,3074,591.9,557,48.4828,-104.4514,MEDICINE LAKE 3 SE,MT
245668,3156,757.1,558,46.7614,-104.9619,MILDRED 5 N,MT
245690,1984,799.8,559,46.4267,-105.8825,MILES CITY AP,MT
245761,2259,1310.6,560,47.0575,-109.9514,MOCCASIN EXP STN,MT
246157,3180,1446.3,561,45.4856,-111.6325,NORRIS MADISON PH,MT
246472,327,1606.3,562,46.3158,-113.3,PHILIPSBURG RS,MT
246601,2406,847.3,563,46.4178,-104.5164,PLEVNA,MT
246918,2210,1718.2,564,45.1797,-109.2497,RED LODGE,MT
247286,2729,883.9,565,47.315,-114.0983,SAINT IGNATIUS,MT
247318,2847,810.8,566,47.3033,-115.0908,SAINT REGIS 1 NE,MT
247382,346,602.0,567,47.4536,-104.3378,SAVAGE,MT
248501,880,1161.3,568,48.3089,-112.2511,VALIER,MT
248569,2479,696.2,569,47.88,-105.3686,VIDA 6 NE,MT
248597,3180,1759.6,570,45.2925,-111.9481,VIRGINIA CITY,MT
248857,1185,2029.7,571,44.65,-111.1,WEST YELLOWSTONE,MT
248930,694,1536.2,572,46.5436,-110.9,WHITE SULPHUR SPRNGS 2,MT
250070,1594,545.6,573,41.6867,-98.0036,ALBION,NE
250130,1550,1217.4,574,42.1103,-102.8967,ALLIANCE 1WNW,NE
250375,2111,326.1,575,41.0406,-96.3775,ASHLAND NO 2,NE
250420,78,637.0,576,42.5136,-99.0303,ATKINSON 3SW,NE
250435,1092,283.5,577,40.3703,-95.7467,AUBURN 5 ESE,NE
250622,286,395.3,578,40.2994,-96.75,BEATRICE 1N,NE
250640,517,658.4,579,40.1306,-99.8278,BEAVER CITY,NE
251145,3019,1117.4,580,41.6675,-103.1042,BRIDGEPORT,NE
251200,1121,762.0,581,41.4083,-99.675,BROKEN BOW 2 W,NE
252020,110,437.4,582,40.6194,-96.9469,CRETE,NE
252100,3075,829.4,583,40.6742,-100.4936,CURTIS 3NNE,NE
252205,3214,490.7,584,41.2492,-97.1328,DAVID CITY,NE
252820,109,411.5,585,40.0739,-97.1669,FAIRBURY 5S,NE
252840,2486,499.9,586,40.6422,-97.5928,FAIRMONT,NE
253035,2231,565.4,587,40.1,-98.9667,FRANKLIN,NE
253175,2486,496.8,588,40.5314,-97.5964,GENEVA,NE
253185,564,484.6,589,41.4514,-97.7644,GENOA 2 W,NE
253365,1716,787.9,590,40.94,-100.1522,GOTHENBURG,NE
253615,1783,1478.3,591,42.6858,-103.8842,HARRISON,NE
253630,2950,417.6,592,42.6167,-97.2608,HARTINGTON,NE
253660,914,591.3,593,40.6475,-98.3833,HASTINGS 4N,NE
253715,1805,1159.8,594,42.5119,-102.6944,HAY SPRINGS 12 S,NE
253735,2957,451.1,595,40.175,-97.5903,HEBRON,NE
253910,607,707.1,596,40.4517,-99.3803,HOLDREGE,NE
254110,2408,999.7,597,40.5208,-101.655,IMPERIAL,NE
254440,1022,1435.0,598,41.2453,-103.6344,KIMBALL 2NE,NE
254900,2614,1168.0,599,41.1489,-102.6361,LODGEPOLE,NE
254985,1802,627.3,600,41.2808,-98.9681,LOUP CITY,NE
255080,242,481.6,601,41.8292,-97.45,MADISON,NE
255310,1644,796.1,602,40.2156,-100.6203,MC COOK,NE
255470,3228,986.0,603,42.9194,-101.7089,MERRIMAN,NE
255565,960,658.4,604,40.5156,-98.9514,MINDEN,NE
256040,2793,597.4,605,41.4933,-98.7747,NORTH LOUP,NE
256135,313,521.2,606,42.0678,-97.9675,OAKDALE,NE
256570,1887,378.0,607,40.1217,-96.1558,PAWNEE CITY,NE
256970,2141,819.9,608,42.065,-100.2472,PURDUM,NE
257070,591,524.3,609,40.0978,-98.5197,RED CLOUD,NE
257515,521,541.0,610,41.2686,-98.4697,SAINT PAUL 4N,NE
257715,2527,438.9,611,40.9,-97.0908,SEWARD,NE
258133,1848,911.4,612,41.4581,-100.5986,STAPLETON 5W,NE
258395,978,335.3,613,40.6825,-96.1886,SYRACUSE,NE
258465,307,338.3,614,40.3544,-96.1939,TECUMSEH 1S,NE
258480,368,338.3,615,41.7861,-96.2264,TEKAMAH,NE
258915,2173,423.7,616,42.2667,-96.8617,WAKEFIELD,NE
259090,1158,335.3,617,40.8639,-96.1414,WEEPING WATER,NE
259510,2503,490.7,618,40.8678,-97.5922,YORK,NE
260507,1943,2066.5,619,39.4931,-117.0675,AUSTIN #2,NV
260691,1943,1373.1,620,40.6117,-116.8917,BATTLE MOUNTAIN 4SE,NV
261071,76,762.0,621,35.98,-114.8464,BOULDER CITY,NV
262573,1891,1533.1,622,40.8289,-115.7886,ELKO RGNL AP,NV
262780,590,1208.5,623,39.4572,-118.7811,FALLON EXP STN,NV
263245,51,1339.3,624,40.9567,-117.4922,GOLCONDA,NV
264698,2763,1211.6,625,40.1906,-118.4767,LOVELOCK,NV
264950,1395,1911.1,626,39.4136,-114.7733,MCGILL,NV
265168,882,1391.7,627,38.3844,-118.1056,MINA,NV
266779,395,1344.2,628,39.4839,-119.7711,RENO AP,NV
267369,76,1079.0,629,35.4661,-114.9217,SEARCHLIGHT,NV
268988,1891,1737.4,630,41.1006,-114.9736,WELLS,NV
269171,51,1309.4,631,40.9017,-117.8081,WINNEMUCCA AP,NV
270706,853,359.7,632,44.3061,-71.6575,BETHLEHEM 2,NH
272174,549,24.4,633,43.15,-70.95,DURHAM,NH
272999,1329,506.0,634,45.0875,-71.2872,FIRST CONNECTICUT LAKE,NH
273850,853,183.8,635,43.7031,-72.2847,HANOVER,NH
274399,1232,158.5,636,42.9389,-72.3244,KEENE,NH
280325,3175,3.0,637,39.3792,-74.4242,ATLANTIC CITY,NJ
280734,2547,80.2,638,40.8292,-75.0836,BELVIDERE BRG,NJ
280907,432,85.3,639,40.9,-74.4,BOONTON 1 SE,NJ
281582,2728,231.6,640,41.0347,-74.4233,CHARLOTTEBURG RSVR,NJ
283029,2962,79.2,641,40.5631,-74.8831,FLEMINGTON 5 NNW,NJ
283951,3213,30.5,642,40.265,-74.5642,HIGHTSTOWN 2 W,NJ
284229,1308,30.5,643,39.8144,-74.7883,INDIAN MILLS 2 W,NJ
284987,1861,9.1,644,40.2797,-74.0047,LONG BRANCH OAKHURST,NJ
285728,1308,13.7,645,39.9511,-74.9697,MOORESTOWN,NJ
286055,1422,26.2,646,40.4719,-74.4364,NEW BRUNSWICK 3 SE,NJ
287079,916,27.4,647,40.6036,-74.4025,PLAINFIELD,NJ
288816,1961,30.5,648,39.95,-74.2167,TOMS RIVER,NJ
290692,369,1720.3,649,36.835,-108.0006,AZTEC RUINS NM,NM
290858,888,1371.6,650,35.5297,-104.0936,BELL RANCH,NM
291469,1617,951.0,651,32.3478,-104.2225,CARLSBAD,NM
291515,2056,1647.4,652,33.6308,-105.8964,CARRIZOZO 1SW,NM
291664,416,2392.7,653,36.9178,-106.5781,CHAMA,NM
291813,1222,1993.4,654,36.4661,-104.9456,CIMARRON 4 SW,NM
291887,705,1511.8,655,36.4486,-103.1539,CLAYTON MUNI ARPK AP,NM
292608,416,2070.5,656,36.9358,-107.0,DULCE,NM
292848,3017,1394.8,657,33.1461,-107.1844,ELEPHANT BUTTE DAM,NM
293265,1196,1872.1,658,32.7939,-108.1517,FT BAYARD,NM
293294,3,1226.8,659,34.4667,-104.2319,FT SUMNER,NM
293368,2273,1365.2,660,32.2261,-108.0867,GAGE,NM
294369,1276,1908.7,661,35.7783,-106.6872,JEMEZ SPRINGS,NM
294426,1439,1300.3,662,32.6169,-106.7411,JORNADA EXP RANGE,NM
294862,888,1935.2,663,35.5678,-105.2131,LAS VEGAS WWTP,NM
295150,3155,1475.2,664,34.7675,-106.7611,LOS LUNAS 3 SSW,NM
295273,25,2148.8,665,33.8225,-108.9417,LUNA RS,NM
295960,24,2066.5,666,32.9547,-105.8242,MTN PARK,NM
295965,390,1987.3,667,34.5208,-106.2606,MOUNTAINAIR,NM
296435,24,1274.7,668,32.3789,-106.0911,OROGRANDE,NM
297323,1136,2644.4,669,36.7058,-105.4036,RED RIVER,NM
297610,2646,1112.2,670,33.3075,-104.5083,ROSWELL IND AP,NM
297867,2752,1289.3,671,35.1086,-103.3283,SAN JON,NM
298107,2145,1405.1,672,34.9358,-104.6805,SANTA ROSA,NM
298387,1567,1397.5,673,34.0828,-106.8831,SOCORRO,NM
298501,1222,1794.7,674,36.3628,-104.585,SPRINGER,NM
298535,1439,1182.9,675,32.2822,-106.7597,STATE UNIV,NM
299156,2752,1245.4,676,35.2006,-103.6867,TUCUMCARI 4 NE,NM
299165,24,1350.3,677,33.0719,-106.0417,TULAROSA,NM
300023,33,304.5,678,42.1014,-77.2344,ADDISON,NY
300042,1001,83.8,679,42.7431,-73.8092,ALBANY INTL AP,NY
300085,670,539.5,680,42.2614,-77.785,ALFRED,NY
300093,2132,457.2,681,42.1003,-78.75,ALLEGANY SP,NY
300183,670,440.4,682,42.3017,-77.9889,ANGELICA,NY
300321,1128,234.7,683,42.9328,-76.5447,AUBURN,NY
300443,2404,278.3,684,43.0303,-78.1692,BATAVIA,NY
300687,2330,486.2,685,42.2067,-75.98,BINGHAMTON GREATER AP,NY
300889,884,18.3,686,40.9464,-72.3067,BRIDGEHAMPTON,NY
300937,2242,163.1,687,43.2,-77.9333,BROCKPORT,NY
301012,316,214.9,688,42.9408,-78.7358,BUFFALO NIAGARA INTL,NY
301185,823,136.6,689,44.5772,-75.1097,CANTON 4 SE,NY
301401,191,47.9,690,44.8786,-73.3953,CHAZY,NY
301752,975,383.1,691,42.7167,-74.9267,COOPERSTOWN,NY
301799,1654,344.1,692,42.6,-76.1833,CORTLAND,NY
301966,191,408.4,693,44.7192,-73.7206,DANNEMORA,NY
301974,3011,201.2,694,42.5656,-77.7175,DANSVILLE,NY
302060,2330,304.8,695,42.0628,-75.4264,DEPOSIT,NY
302129,1517,61.0,696,41.0072,-73.8344,DOBBS FERRY ARDSLEY,NY
302610,2528,288.6,697,42.0997,-76.8358,ELMIRA,NY
303033,2577,231.6,698,42.4497,-79.312,FREDONIA,NY
303184,1639,218.8,699,42.8767,-77.0308,GENEVA RSCH FARM,NY
303259,163,83.8,700,41.5167,-73.9333,GLENHAM,NY
303319,2736,246.9,701,43.0492,-74.3592,GLOVERSVILLE,NY
303773,3011,274.9,702,42.7747,-77.6083,HEMLOCK,NY
304102,942,506.0,703,43.755,-74.2692,INDIAN LAKE 2SW,NY
304174,995,292.6,704,42.4489,-76.4489,ITHACA CORNELL UNIV,NY
304555,804,591.3,705,44.2444,-73.9847,LAKE PLACID 2 S,NY
304647,823,142.0,706,44.7583,-74.6692,LAWRENCEVILLE 3 SW,NY
304791,1161,274.3,707,43.0603,-74.8686,LITTLE FALLS CITY RSVR,NY
304796,1161,109.7,708,43.0333,-74.8667,LITTLE FALLS MILL ST,NY
304844,2511,184.4,709,43.1392,-78.6814,LOCKPORT 3 S,NY
304912,1589,262.1,710,43.7975,-75.4817,LOWVILLE,NY
304996,2643,268.2,711,44.8419,-74.3081,MALONE,NY
305113,975,373.4,712,42.4694,-75.0106,MARYLAND 9 SW,NY
305426,707,379.5,713,41.7681,-74.155,MOHONK LAKE,NY
305512,1462,396.2,714,42.8417,-75.7264,MORRISVILLE 6 SW,NY
305801,2542,39.6,715,40.7789,-73.9692,NY CITY CNTRL PARK,NY
306085,2690,301.4,716,42.5117,-75.5197,NORWICH,NY
306164,823,85.3,717,44.7281,-75.4442,OGDENSBURG 4 NE,NY
306314,700,106.7,718,43.4622,-76.4933,OSWEGO EAST,NY
306774,3164,143.3,719,41.38,-74.6847,PORT JERVIS,NY
306820,163,51.8,720,41.5997,-73.91,POUGHKEEPSIE,NY
307167,2242,162.5,721,43.1167,-77.6767,ROCHESTER INTL AP,NY
307484,660,94.5,722,43.0331,-73.8167,SARATOGA SPRINGS 4 SW,NY
307633,884,12.2,723,40.9586,-73.1047,SETAUKET STRONG,NY
308248,1001,515.1,724,42.6925,-73.8325,STILLWATER RSVR,NY
308383,2674,125.0,725,43.1092,-76.1033,SYRACUSE WSO AP,NY
308600,2346,7.3,726,42.75,-73.6831,TROY L&D,NY
308631,2643,512.1,727,44.2308,-74.4383,TUPPER LAKE SUNMOUNT,NY
308737,2122,216.7,728,43.145,-75.3839,UTICA FAA AP,NY
308906,3164,115.8,729,41.5514,-74.1628,WALDEN 1 ESE,NY
308910,316,332.2,730,42.7411,-78.51,WALES,NY
308944,823,460.2,731,44.1481,-74.9003,WANAKENA RNGR SCHOOL,NY
309000,188,151.5,732,43.9761,-75.8753,WATERTOWN,NY
309292,3164,97.5,733,41.3906,-73.9608,WEST POINT,NY
309670,1517,204.2,734,41.2664,-73.7975,YORKTOWN HEIGHTS 1 W,NY
310090,2163,185.9,735,35.3992,-80.1994,ALBEMARLE,NC
311458,3172,3.4,736,35.2325,-75.6219,CAPE HATTERAS AP,NC
311677,1684,152.4,737,35.9086,-79.0794,CHAPEL HILL 2 W,NC
312635,2874,3.0,738,36.0164,-76.5517,EDENTON,NC
312719,1135,2.4,739,36.3097,-76.205,ELIZABETH CITY,NC
313017,168,29.3,740,35.0583,-78.8583,FAYETTEVILLE PWC,NC
313510,449,33.2,741,35.3444,-77.9647,GOLDSBORO 4 SE,NC
313969,3093,146.3,742,36.3481,-78.4119,HENDERSON 2 NNW,NC
313976,2997,658.4,743,35.3297,-82.4492,HENDERSONVILLE 1 NE,NC
314055,2071,1170.4,744,35.0536,-83.1892,HIGHLANDS,NC
314684,1598,7.3,745,35.1967,-77.5433,KINSTON 7 SE,NC
314938,94,365.8,746,35.915,-81.5378,LENOIR,NC
315123,678,79.2,747,36.1028,-78.3039,LOUISBURG,NC
315177,715,34.1,748,34.6269,-79.025,LUMBERTON,NC
315340,453,446.8,749,35.6631,-82.0292,MARION 2 NW,NC
315356,788,609.6,750,35.8036,-82.6658,MARSHALL,NC
315771,2295,167.6,751,34.9797,-80.5233,MONROE 2 SE,NC
315830,1093,3.0,752,34.7336,-76.7358,MOREHEAD CITY 2 WNW,NC
315838,448,353.6,753,35.7308,-81.6717,MORGANTON,NC
315890,3130,317.3,754,36.4992,-80.6508,MT AIRY 2 W,NC
317202,2901,271.3,755,36.3825,-79.6947,REIDSVILLE 2 NW,NC
317615,929,213.4,756,35.6836,-80.4822,SALISBURY,NC
317994,2147,45.7,757,35.5164,-78.3458,SMITHFIELD,NC
318113,3040,6.1,758,33.9947,-78.0078,SOUTHPORT 5 N,NC
318292,1954,289.6,759,35.81,-80.8808,STATESVILLE 2 NNE,NC
318500,2340,10.7,760,35.8847,-77.5386,TARBORO 1 S,NC
318694,539,876.3,761,36.3919,-81.3039,TRANSOU,NC
319147,1835,810.2,762,35.4867,-82.9683,WAYNESVILLE 1 E,NC
319476,325,33.5,763,35.6939,-77.9456,WILSON 3 SW,NC
320941,167,496.2,764,48.8214,-100.4447,BOTTINEAU,ND
321408,1701,285.0,765,46.8769,-97.2328,CASSELTON AGRONOMY FM,ND
321871,1494,595.0,766,48.9075,-103.2944,CROSBY,ND
322188,1127,749.8,767,46.8911,-102.8111,DICKINSON EXP STN,ND
322365,522,671.8,768,47.3467,-102.5869,DUNN CENTER 1E,ND
323207,665,510.5,769,46.05,-100.6667,FT YATES 4 SW,ND
323287,891,437.4,770,46.1581,-98.4,FULLERTON 1 ESE,ND
323594,47,252.1,771,48.4181,-97.4247,GRAFTON,ND
323621,134,253.0,772,47.9217,-97.0981,GRAND FORKS UNIV NWS,ND
324178,232,816.9,773,45.9925,-102.6442,HETTINGER,ND
324203,1294,277.4,774,47.4389,-97.0664,HILLSBORO 3 N,ND
324418,2706,447.1,775,46.8844,-98.685,JAMESTOWN STATE HOSP,ND
324958,282,492.3,776,48.7622,-98.3447,LANGDON EXP FARM,ND
325220,2414,336.5,777,46.4522,-97.6822,LISBON,ND
325479,2873,533.4,778,46.8128,-100.9097,MANDAN EXP STN,ND
326015,928,548.6,779,46.6706,-100.2294,MOFFIT 3 SE,ND
326155,3110,772.7,780,46.3719,-102.3164,MOTT,ND
326255,1162,603.5,781,46.5067,-99.7692,NAPOLEON,ND
326315,3110,804.4,782,46.5414,-102.8692,NEW ENGLAND,ND
326947,1813,240.8,783,48.9711,-97.2417,PEMBINA,ND
327530,1127,752.9,784,46.8886,-102.3192,RICHARDTON ABBEY,ND
328792,1325,451.1,785,48.3706,-100.3908,TOWNER 2 NE,ND
329100,1987,291.4,786,46.3233,-96.6108,WAHPETON 3 N,ND
329445,167,449.0,787,48.6061,-100.2911,WILLOW CITY,ND
331072,1058,291.1,788,40.8128,-82.9694,BUCYRUS,OH
331152,1229,384.0,789,40.2686,-80.9981,CADIZ,OH
331541,3173,359.7,790,41.0517,-81.9361,CHIPPEWA LAKE,OH
331592,1084,205.1,791,39.6106,-82.9547,CIRCLEVILLE,OH
331890,575,231.6,792,40.2403,-81.8711,COSHOCTON WPC PLT,OH
332098,2267,213.4,793,41.2778,-84.3853,DEFIANCE,OH
332119,1473,280.4,794,40.3175,-83.0739,DELAWARE,OH
332791,11,234.1,795,41.0461,-83.6622,FINDLAY WPCC,OH
333375,1507,312.1,796,40.1,-84.65,GREENVILLE WTP,OH
333758,294,335.3,797,39.2,-83.6167,HILLSBORO,OH
333780,49,374.9,798,41.3,-81.15,HIRAM,OH
334189,2704,303.3,799,40.6489,-83.6061,KENTON,OH
335041,48,231.6,800,39.6539,-81.8569,MC CONNELLSVILLE LK 7,OH
335297,2519,249.6,801,40.55,-81.9167,MILLERSBURG,OH
335315,2537,356.6,802,40.7692,-80.8561,MILLPORT 4 NE,OH
336118,2911,204.2,803,41.2667,-82.6167,NORWALK WWTP,OH
336196,2189,248.7,804,41.2667,-82.2167,OBERLIN,OH
336600,1115,310.9,805,39.8386,-81.9167,PHILO 3 SW,OH
336781,787,164.6,806,38.7569,-82.8872,PORTSMOUTH-SCIOTOVILLE,OH
338313,2925,225.6,807,41.1167,-83.1667,TIFFIN,OH
338534,3198,260.3,808,40.8333,-83.2833,UPPER SANDUSKY,OH
338552,1146,304.8,809,40.1,-83.7833,URBANA WWTP,OH
338769,184,274.3,810,41.2,-80.8167,WARREN 3 S,OH
338822,862,228.6,811,41.5183,-84.1453,WAUSEON WTP,OH
338830,956,170.7,812,39.1114,-82.9797,WAVERLY,OH
339312,1150,310.9,813,40.7833,-81.9167,WOOSTER EXP STN,OH
340017,240,309.4,814,34.7864,-96.685,ADA,OK
340179,1686,420.6,815,34.5903,-99.3344,ALTUS IRIG RSCH STN,OK
340256,1992,143.3,816,34.2208,-95.615,ANTLERS,OK
340292,186,268.2,817,34.1714,-97.1294,ARDMORE,OK
340548,2018,217.9,818,36.7683,-96.0261,BARTLESVILLE MUNI AP,OK
340593,2442,751.3,819,36.8125,-100.5308,BEAVER,OK
340908,3145,1259.7,820,36.7236,-102.4806,BOISE CITY 2 E,OK
341243,736,588.3,821,36.8003,-99.6403,BUFFALO 2 SSW,OK
341504,934,451.4,822,35.1756,-98.5794,CARNEGIE 5 NE,OK
341724,751,359.7,823,36.7747,-98.3583,CHEROKEE,OK
341828,152,179.2,824,36.3225,-95.5808,CLAREMORE 2 ENE,OK
342678,2583,182.9,825,34.0003,-96.3686,DURANT,OK
342912,3185,379.5,826,36.4194,-97.8747,ENID,OK
343497,1537,487.7,828,35.6267,-98.3225,GEARY,OK
343628,2680,1008.9,829,36.5914,-101.6181,GOODWELL RSCH STN,OK
343821,2121,338.3,830,35.8161,-97.395,GUTHRIE 5S,OK
343871,2550,554.7,831,35.585,-99.3953,HAMMON 3 SSW,OK
344055,2734,357.8,832,36.0942,-97.835,HENNESSEY 4 ESE,OK
344204,1575,474.3,833,34.9894,-99.0525,HOBART MUNI AP,OK
344235,806,260.6,834,35.0567,-96.3861,HOLDENVILLE 2SSE,OK
344298,2680,912.9,835,36.8589,-101.2172,HOOKER,OK
344573,2782,318.5,836,36.7222,-97.7903,JEFFERSON,OK
344766,3145,1325.9,837,36.9031,-102.965,KENTON,OK
344861,2734,320.0,838,35.8583,-97.9294,KINGFISHER,OK
345063,1963,350.5,839,34.6097,-98.4572,LAWTON,OK
345509,1106,486.2,840,34.8911,-99.5017,MANGUM,OK
345779,846,281.9,841,35.505,-96.9767,MEEKER 5 W,OK
345855,901,245.4,842,36.8833,-94.8833,MIAMI,OK
346130,869,157.9,843,35.7781,-95.3339,MUSKOGEE,OK
346139,2681,576.1,844,36.2283,-99.17,MUTUAL,OK
346278,1508,347.5,845,36.8914,-97.0586,NEWKIRK 1NW,OK
346629,1537,370.3,846,36.1217,-98.315,OKEENE,OK
346638,2367,285.0,847,35.4253,-96.3033,OKEMAH,OK
346670,1262,197.2,848,35.6239,-96.025,OKMULGEE WTR WKS,OK
346926,367,286.5,849,34.7253,-97.2814,PAULS VALLEY 4 WSW,OK
346935,2018,254.5,850,36.6692,-96.3472,PAWHUSKA,OK
347012,283,312.4,851,36.2886,-97.2897,PERRY,OK
347254,2376,134.1,852,35.0539,-94.6264,POTEAU WTR WKS,OK
348501,3136,272.8,853,36.1175,-97.095,STILLWATER 2 W,OK
348677,2057,259.1,854,35.9369,-94.9644,TAHLEQUAH,OK
349395,2281,278.0,855,34.1747,-97.9964,WAURIKA,OK
349422,1919,493.2,856,35.52,-98.6986,WEATHERFORD,OK
349445,869,167.6,857,35.4814,-95.2039,WEBBERS FALLS 5 WSW,OK
350304,756,532.2,858,42.2128,-122.7144,ASHLAND,OR
350328,668,2.7,859,46.1569,-123.8825,ASTORIA AP PORT OF,OR
350412,843,1024.4,860,44.8428,-117.8086,BAKER CITY AP,OR
350694,376,1115.6,861,44.0569,-121.285,BEND,OR
351055,2896,15.2,862,42.03,-124.2453,BROOKINGS 2 SE,OR
351433,1279,292.6,863,44.3914,-122.4811,CASCADIA,OR
351765,1960,865.6,864,45.2325,-120.1817,CONDON,OR
351862,144,68.6,865,44.6342,-123.19,CORVALLIS STATE UNIV,OR
351897,215,181.4,866,43.7917,-123.0275,COTTAGE GROVE 1 NNE,OR
351946,699,1973.6,867,42.8967,-122.1328,CRATER LAKE NPS HQ,OR
352135,1421,1287.8,868,42.9447,-117.3389,DANNER,OR
352406,279,89.0,869,43.6656,-123.3275,DRAIN,OR
352440,2263,405.4,870,45.4539,-121.1303,DUFUR,OR
352997,3178,54.9,871,45.5247,-123.1028,FOREST GROVE,OR
353095,1288,1404.8,872,43.3936,-121.2122,FREMONT 5 NW,OR
353445,1902,283.5,873,42.4244,-123.3236,GRANTS PASS,OR
353770,54,228.0,874,45.4486,-122.1547,HEADWORKS PORTLAND WTR,OR
353827,82,574.5,875,45.3653,-119.5639,HEPPNER,OR
353847,2942,195.1,876,45.8289,-119.2636,HERMISTON 1 SE,OR
354003,1694,152.4,877,45.6847,-121.5175,HOOD RIVER EXP STN,OR
354506,699,1249.1,878,42.2008,-121.7814,KLAMATH FALLS 2 SSW,OR
354670,1288,1456.3,879,42.2139,-120.3636,LAKEVIEW 2 NNW,OR
355162,1837,1255.2,880,43.265,-118.8447,MALHEUR REFUGE HQ,OR
355362,215,450.5,881,44.1781,-122.1156,MCKENZIE BRG RS,OR
355384,2759,47.2,882,45.2214,-123.1622,MC MINNVILLE,OR
355593,2942,295.7,883,45.9428,-118.4089,MILTON FREEWATER,OR
355734,2382,570.0,884,45.4825,-120.7236,MORO,OR
356032,1856,37.2,885,44.6431,-124.0556,NEWPORT,OR
356073,1254,1.8,886,43.4133,-124.2436,NORTH BEND FCWOS,OR
356426,1288,1328.9,887,42.6922,-120.5403,PAISLEY,OR
356634,2942,524.3,888,45.4756,-118.8253,PILOT ROCK 1 SE,OR
356883,594,888.5,889,44.3022,-120.8081,PRINEVILLE,OR
356907,756,756.5,890,42.7342,-122.5164,PROSPECT 2 SW,OR
357169,279,207.3,891,42.9506,-123.3572,RIDDLE,OR
357331,279,129.5,892,43.2131,-123.3658,ROSEBURG KQEN,OR
358466,54,341.4,893,45.1219,-122.07,THREE LYNX,OR
358494,1510,3.0,894,45.4567,-123.8728,TILLAMOOK 1 W,OR
358746,230,842.8,895,45.2081,-117.8758,UNION EXP STN,OR
358997,601,890.9,897,45.5722,-117.5314,WALLOWA,OR
360106,2526,118.9,898,40.6508,-75.4492,ALLENTOWN AP,PA
361354,2569,195.1,899,39.9353,-77.6394,CHAMBERSBURG 1 ESE,PA
362537,2504,164.6,900,39.805,-77.2292,EISENHOWER NHS,PA
362682,1935,222.5,901,42.08,-80.1825,ERIE WSO AP,PA
363028,3055,309.4,902,41.4003,-79.8303,FRANKLIN,PA
363526,1390,344.4,903,41.4167,-80.3667,GREENVILLE 2 NE,PA
364385,235,370.0,904,40.3333,-78.9167,JOHNSTOWN,PA
364896,2761,137.2,905,40.3333,-76.4667,LEBANON 2 W,PA
365915,2966,432.8,906,41.8511,-75.8583,MONTROSE,PA
366233,1228,251.5,907,41.0172,-80.3619,NEW CASTLE 1 N,PA
366689,1886,125.0,908,40.8,-75.6167,PALMERTON,PA
367029,659,548.6,909,41.7394,-75.4464,PLEASANT MT 1 W,PA
367322,1373,109.7,910,40.4269,-75.9319,READING 4 NNW,PA
367477,1782,414.5,911,41.42,-78.7497,RIDGWAY,PA
367931,128,128.0,912,40.7831,-76.8611,SELINSGROVE 2 S,PA
368449,2739,356.6,913,40.7933,-77.8672,STATE COLLEGE,PA
368596,280,140.2,914,41.0125,-75.1906,STROUDSBURG,PA
368905,1213,231.6,915,41.7511,-76.4431,TOWANDA 1 S,PA
369050,352,291.4,916,39.915,-79.7192,UNIONTOWN 1 NE,PA
369298,450,368.8,917,41.85,-79.15,WARREN,PA
369408,616,554.1,918,41.7003,-77.3894,WELLSBORO 4 SW,PA
369464,256,114.3,919,39.9708,-75.635,WEST CHESTER 2 NW,PA
369728,508,158.5,920,41.2433,-76.9217,WILLIAMSPORT RGNL AP,PA
369933,1742,118.9,921,39.9167,-76.75,YORK 3 SSW PUMP,PA
370896,1664,33.5,922,41.1667,-71.5833,BLOCK ISLAND STATE AP,RI
374266,1664,34.7,923,41.4906,-71.5414,KINGSTON,RI
376698,3221,15.5,924,41.7219,-71.4325,PROVIDENCE WSO AP,RI
380074,1321,150.0,925,33.4925,-81.6958,AIKEN 5SE,SC
380165,1480,243.8,926,34.5283,-82.6606,ANDERSON,SC
380559,205,7.6,927,32.3953,-80.6956,BEAUFORT WWTP,SC
380764,3095,98.8,928,33.3631,-81.3292,BLACKVILLE 3 W,SC
381277,421,161.5,929,34.0906,-82.5883,CALHOUN FALLS,SC
381310,276,42.7,930,34.2428,-80.6564,CAMDEN 3 W,SC
381549,2149,3.0,931,32.78,-79.9319,CHARLESTON CITY,SC
381588,1089,42.7,932,34.7319,-79.8833,CHERAW,SC
381770,208,251.2,933,34.6603,-82.8236,CLEMSON UNIV,SC
381944,2854,73.8,934,33.9831,-81.0167,COLUMBIA UNIV OF SC,SC
381997,427,6.1,935,33.8314,-79.0558,CONWAY,SC
382260,1186,45.7,936,34.3011,-79.8767,DARLINGTON,SC
383468,3109,3.0,937,33.3619,-79.2239,GEORGETOWN 2 E,SC
383747,1889,287.4,938,34.8847,-82.2239,GRNVL SPART INTL AP,SC
383754,1039,187.5,939,34.1997,-82.1711,GREENWOOD,SC
384690,462,138.1,940,34.5367,-80.5972,KERSHAW 1SW,SC
384753,803,22.9,941,33.6775,-79.8283,KINGSTREE,SC
385017,1362,179.5,942,34.4989,-82.0219,LAURENS,SC
385200,1376,216.7,943,34.1942,-81.415,LITTLE MTN,SC
386209,1376,145.1,944,34.2978,-81.6236,NEWBERRY,SC
386527,1830,54.9,945,33.4886,-80.8733,ORANGEBURG 2,SC
387631,781,146.3,946,33.9978,-81.7747,SALUDA,SC
387722,2829,158.5,947,34.635,-81.5206,SANTUCK,SC
388426,174,19.8,948,33.0367,-80.2325,SUMMERVILLE 4W,SC
388440,1825,53.9,949,33.9364,-80.3569,SUMTER,SC
388887,2204,298.7,950,34.7483,-83.0842,WALHALLA,SC
389327,2613,170.7,951,34.3739,-81.0928,WINNSBORO,SC
389350,3082,210.3,952,34.9381,-81.0317,WINTHROP UNIV,SC
389469,205,7.6,953,32.68,-80.8417,YEMASSEE,SC
390020,1547,395.3,954,45.4433,-98.4131,ABERDEEN RGNL AP,SD
390043,2949,512.1,955,43.4892,-99.0631,ACADEMY 2NE,SD
390128,1459,412.4,956,43.6567,-97.7853,ALEXANDRIA,SD
391392,2243,410.0,957,43.3056,-96.5917,CANTON,SD
391739,124,549.9,958,44.8817,-97.7325,CLARK,SD
391972,1711,735.8,959,43.9611,-101.8606,COTTONWOOD 2 E,SD
392429,149,723.9,960,45.0481,-101.5992,DUPREE,SD
392797,2922,566.9,961,45.7644,-99.6353,EUREKA,SD
392927,2845,478.5,962,45.0364,-99.1342,FAULKTON 1 NW,SD
393029,3051,374.9,963,44.0422,-98.07,FORESTBURG 3 NE,SD
393217,2384,524.3,964,44.0569,-99.0719,GANN VALLEY 4NW,SD
393832,476,576.1,965,44.5222,-99.455,HIGHMORE 1 W,SD
394007,2482,1085.1,966,43.4378,-103.4739,HOT SPRINGS,SD
394037,815,474.9,967,44.0122,-97.5242,HOWARD,SD
394516,301,518.2,968,43.9072,-99.8628,KENNEBEC,SD
395456,2783,396.8,969,45.155,-98.5825,MELLETTE 4 W,SD
395481,593,403.6,970,43.2358,-97.5714,MENNO,SD
395536,3151,349.0,971,45.2836,-96.6689,MILBANK 4 NW,SD
395891,309,707.1,972,43.8894,-100.7078,MURDO,SD
396170,394,506.0,973,44.4419,-100.4175,OAHE DAM,SD
396597,475,531.0,974,44.3814,-100.2856,PIERRE RGNL AP,SD
396947,2235,1051.6,975,44.115,-103.2828,RAPID CITY 4NW,SD
398622,197,362.7,976,42.7625,-96.9194,VERMILLION 2 SE,SD
398932,1858,532.8,977,44.9047,-97.1494,WATERTOWN RGNL AP,SD
399442,2385,664.5,978,43.4978,-100.4794,WOOD,SD
401790,1691,116.4,979,36.5467,-87.3567,CLARKSVILLE WWTP,TN
402024,2617,442.0,980,34.9939,-84.3758,COPPERHILL,TN
402108,2868,117.3,981,35.5497,-89.7,COVINGTON 3 SW,TN
402202,2050,551.7,982,36.0147,-85.1311,CROSSVILLE ED & RESEARCH,TN
402489,1870,237.7,983,36.0747,-87.3936,DICKSON,TN
402589,1407,144.8,984,36.4819,-87.8628,DOVER 1 W,TN
404561,3030,121.9,985,35.6214,-88.8456,JACKSON EXP STN,TN
405187,2564,239.9,986,35.4139,-86.8086,LEWISBURG EXP STN,TN
405882,177,286.5,987,35.6717,-85.7811,MC MINNVILLE,TN
406371,733,163.1,988,35.9203,-86.3728,MURFREESBORO 5 N,TN
406534,2102,315.8,989,35.9833,-83.2008,NEWPORT 1 NW,TN
407884,1139,413.0,990,36.4161,-82.9839,ROGERSVILLE 1 NE,TN
409155,1905,311.5,991,35.3453,-86.2089,TULLAHOMA,TN
409219,2196,106.7,992,36.3925,-89.0317,UNION CITY,TN
409502,1549,228.6,993,35.3042,-87.7592,WAYNESBORO,TN
410120,1129,426.7,994,32.7294,-99.3017,ALBANY,TX
410144,3194,61.3,995,27.7283,-98.0678,ALICE,TX
410174,2827,1356.4,996,30.3764,-103.66,ALPINE,TX
410493,2302,534.9,997,31.7414,-99.9764,BALLINGER 2 NW,TX
410498,2293,981.5,998,30.9844,-103.7403,BALMORHEA,TX
410639,2740,77.7,999,28.4575,-97.7061,BEEVILLE 5 NE,TX
410832,3063,419.1,1000,30.1058,-98.4286,BLANCO,TX
410902,1153,440.1,1001,29.7978,-98.7347,BOERNE,TX
411000,979,972.6,1002,35.5303,-102.2564,BOYS RANCH,TX
411048,164,95.4,1003,30.1592,-96.3972,BRENHAM,TX
411138,2116,426.7,1004,31.7383,-98.9456,BROWNWOOD 2ENE,TX
411528,65,170.7,1005,28.3392,-99.6328,CATARINA,TX
411772,2395,132.6,1006,33.6164,-95.0717,CLARKSVILLE 2NE,TX
412015,2274,13.4,1007,27.7742,-97.5122,CORPUS CHRISTI AP,TX
412019,2041,125.9,1008,32.1078,-96.4747,CORSICANA,TX
412121,760,917.4,1009,33.6517,-101.245,CROSBYTON,TX
412266,1178,21.3,1010,29.0567,-96.2319,DANEVANG 1 W,TX
412598,1054,447.4,1011,32.0628,-98.3047,DUBLIN 2SE,TX
412679,1305,247.5,1012,28.7567,-100.4789,EAGLE PASS 3N,TX
412797,2624,1194.2,1013,31.8111,-106.3758,EL PASO AP,TX
412906,3058,176.8,1014,28.0239,-99.3508,ENCINAL,TX
413063,2042,42.4,1015,27.1394,-98.12,FALFURRIAS,TX
413183,138,158.5,1016,29.6778,-97.1111,FLATONIA,TX
413280,1658,926.0,1017,30.9072,-102.9153,FT STOCKTON,TX
413420,1829,265.2,1018,33.6461,-97.0592,GAINESVILLE 5 ENE,TX
413734,2059,166.1,1019,33.1678,-96.0983,GREENVILLE KGVL RADIO,TX
413873,2939,83.8,1020,29.4706,-96.9397,HALLETTSVILLE 2 N,TX
413992,2120,487.7,1021,33.1578,-99.7456,HASKELL,TX
415018,2973,314.6,1022,31.0717,-98.1847,LAMPASAS,TX
415196,2331,10.7,1023,30.0592,-94.795,LIBERTY,TX
415272,3161,310.9,1024,30.7425,-98.6542,LLANO,TX
415429,1366,121.9,1025,29.6753,-97.6564,LULING,TX
415618,150,107.3,1026,32.5403,-94.3508,MARSHALL,TX
415707,1020,757.7,1027,31.1333,-102.2217,MCCAMEY,TX
415869,2387,161.5,1028,31.7003,-96.5142,MEXIA,TX
415875,3009,839.7,1029,35.7,-100.6436,MIAMI,TX
416135,2454,1167.4,1030,34.2192,-102.7328,MULESHOE #1,TX
416276,1096,208.8,1031,29.7192,-98.1189,NEW BRAUNFELS,TX
416794,129,165.2,1032,33.6744,-95.5586,PARIS,TX
416892,2293,795.5,1033,31.4167,-103.5,PECOS,TX
417079,589,1027.2,1034,34.1892,-101.7022,PLAINVIEW,TX
417336,2399,488.3,1035,34.2761,-99.7578,QUANAH 2 SW,TX
417622,2562,52.4,1036,26.3769,-98.8117,RIO GRANDE CITY,TX
417945,1009,246.6,1037,29.5333,-98.47,SAN ANTONIO INTL AP,TX
418201,1343,1016.8,1038,32.7136,-102.6597,SEMINOLE,TX
418433,2425,706.8,1039,32.71,-100.9111,SNYDER,TX
418692,2447,1125.6,1040,36.3372,-102.0753,STRATFORD,TX
418910,696,193.5,1041,31.0781,-97.3183,TEMPLE,TX
419532,890,291.1,1042,32.7483,-97.77,WEATHERFORD,TX
420086,1553,2145.8,1043,37.4403,-112.4819,ALTON,UT
420738,2865,1854.7,1044,37.6131,-109.4847,BLANDING,UT
420788,2865,1318.0,1045,37.2828,-109.5578,BLUFF,UT
421731,1043,1289.3,1046,41.5481,-112.1106,CORINNE,UT
422101,1239,1399.0,1047,39.2872,-112.6519,DESERET,UT
422253,750,1682.5,1048,40.1678,-110.395,DUCHESNE,UT
422592,1724,1770.9,1049,37.7686,-111.5978,ESCALANTE,UT
422726,950,1335.0,1050,41.0222,-111.9353,FARMINGTON 3 NW,UT
422828,1239,1560.6,1051,38.9664,-112.3278,FILLMORE,UT
422996,2514,1539.2,1052,40.2842,-109.8611,FT DUCHESNE,UT
423418,2053,1240.5,1053,38.9906,-110.1544,GREEN RIVER AVIATION,UT
423611,2589,1313.1,1054,38.3706,-110.7153,HANKSVILLE,UT
423809,2899,1703.8,1055,40.4917,-111.4261,HEBER,UT
424508,1553,1493.5,1056,37.0286,-112.5367,KANAB,UT
424856,18,1822.7,1057,41.825,-111.3208,LAKETOWN,UT
425065,2688,1614.8,1058,39.5608,-111.8653,LEVAN,UT
425186,69,1460.0,1059,41.7456,-111.8033,LOGAN UTAH ST UNIV,UT
425402,2820,1749.6,1060,39.2583,-111.6306,MANTI,UT
425477,1970,1801.4,1061,38.45,-112.2292,MARYSVALE,UT
425733,3111,1242.7,1062,38.5744,-109.5458,MOAB,UT
425752,2807,1664.2,1063,37.7981,-113.9256,MODENA,UT
425826,1240,1551.4,1064,41.0428,-111.6722,MORGAN POWER & LIGHT,UT
426135,2688,1563.0,1065,39.7122,-111.8319,NEPHI,UT
426404,1349,1325.9,1066,41.2442,-111.9464,OGDEN PIONEER P H,UT
426601,1724,2020.8,1067,37.8239,-112.4419,PANGUITCH,UT
426686,2807,1828.8,1068,37.8497,-112.8278,PAROWAN PWR,UT
427260,1712,1615.4,1069,38.7619,-112.0775,RICHFIELD RADIO KSVC,UT
427516,1780,844.3,1070,37.1069,-113.5611,ST GEORGE,UT
427559,1712,2304.3,1071,38.9139,-111.4161,SALINA 24 E,UT
427714,1239,1619.7,1072,39.2453,-112.1067,SCIPIO,UT
427729,505,2655.4,1073,39.6847,-111.2047,SCOFIELD-SKYLINE MINE,UT
427909,2899,1831.8,1074,40.5453,-111.5042,SNAKE CREEK POWERHOUSE,UT
428119,2515,1438.7,1075,40.0797,-111.6044,SPANISH FORK PWR HOUSE,UT
428705,3111,1554.2,1076,38.9667,-109.7167,THOMPSON,UT
428771,3112,1546.6,1077,40.5278,-112.2975,TOOELE,UT
428973,2515,1370.7,1078,40.3597,-111.8972,UTAH LAKE LEHI,UT
429111,2514,1668.5,1079,40.4269,-109.5531,VERNAL 2SW,UT
429382,3112,1291.4,1080,40.7206,-114.0358,WENDOVER AP AWOS,UT
429595,18,1924.8,1081,41.525,-111.1494,WOODRUFF,UT
429717,1780,1234.4,1082,37.2083,-112.9842,ZION NP,UT
431081,2768,100.6,1083,44.4681,-73.1503,BURLINGTON WSO AP,VT
431243,2784,256.6,1084,43.3847,-72.5989,CAVENDISH,VT
431360,859,243.8,1085,43.9833,-72.45,CHELSEA,VT
431580,2969,105.2,1086,43.9572,-73.2106,CORNWALL,VT
432769,595,128.0,1087,44.9094,-72.8083,ENOSBURG FALLS,VT
437054,417,213.4,1088,44.42,-72.0194,SAINT JOHNSBURY,VT
437607,2536,33.5,1089,44.6264,-73.3031,SOUTH HERO,VT
437612,2969,408.7,1090,44.0725,-72.9736,SOUTH LINCOLN,VT
440766,22,640.1,1091,37.2017,-80.4133,BLACKSBURG NWSO,VA
440993,2574,68.6,1092,37.7092,-78.2886,BREMO BLUFF,VA
441209,536,935.1,1093,37.0925,-81.3358,BURKES GARDEN,VA
441593,2198,265.2,1094,38.0325,-78.5231,CHARLOTTESVILLE 2W,VA
442208,3005,426.7,1095,38.4553,-78.9353,DALE ENTERPRISE,VA
442245,341,125.0,1096,36.5869,-79.3886,DANVILLE,VA
011084,1187,25.9,1,31.0581,-87.0547,BREWTON 3 SSE,AL
012813,1584,7.0,2,30.5467,-87.8808,FAIRHOPE 2 NE,AL
013160,762,38.1,3,32.8347,-88.1342,GAINESVILLE LOCK,AL
013511,728,67.1,4,32.7017,-87.5808,GREENSBORO,AL
013816,2300,132.0,5,31.87,-86.2542,HIGHLAND HOME,AL
015749,730,164.6,6,34.7442,-87.5997,MUSCLE SHOALS AP,AL
017157,305,243.8,7,34.1736,-86.8133,SAINT BERNARD,AL
017304,1557,187.5,8,34.6736,-86.0536,SCOTTSBORO,AL
017366,1793,44.8,9,32.41,-87.0153,SELMA,AL
018024,1467,136.6,10,33.4164,-86.135,TALLADEGA,AL
018178,408,118.9,11,31.5411,-87.8833,THOMASVILLE,AL
018323,1428,165.2,12,31.8075,-85.9722,TROY,AL
018380,957,51.5,13,33.2119,-87.6161,TUSCALOOSA ACFD,AL
018438,1631,134.1,14,32.0142,-85.7464,UNION SPRINGS 9 S,AL
018469,32,323.7,15,34.5667,-85.6128,VALLEY HEAD,AL
442941,1824,137.2,1097,37.3264,-78.3864,FARMVILLE 2 N,VA
443192,36,27.4,1098,38.3167,-77.45,FREDERICKSBURG NP,VA
444101,1949,12.2,1099,37.2992,-77.2772,HOPEWELL,VA
444128,1787,681.5,1100,37.9969,-79.8317,HOT SPRINGS,VA
444876,2508,342.9,1101,37.795,-79.4136,LEXINGTON,VA
444909,2974,152.4,1102,39.0878,-77.6928,LINCOLN,VA
446139,2292,9.1,1103,36.9033,-76.1922,NORFOLK INTL AP,VA
446626,3016,448.1,1104,36.7381,-82.9967,PENNINGTON GAP,VA
446712,1155,158.5,1105,38.2322,-78.1203,PIEDMONT RSCH STN,VA
447338,1536,400.8,1106,36.9769,-79.8961,ROCKY MT,VA
448062,2407,499.9,1107,38.1814,-79.0903,STAUNTON WATER TRMTMT PLT,VA
449151,2981,21.3,1108,37.3017,-76.7039,WILLIAMSBURG 2 N,VA
449263,354,205.7,1109,38.9036,-78.485,WOODSTOCK 2 NE,VA
450008,2388,3.0,1110,46.9658,-123.8292,ABERDEEN,WA
450587,1959,4.6,1111,48.7178,-122.5114,BELLINGHAM 3 SSW,WA
450729,1959,18.3,1112,48.9775,-122.7928,BLAINE,WA
450945,3086,208.8,1113,47.1694,-122.0036,BUCKLEY 1 NE,WA
451233,2224,475.5,1114,47.4144,-121.7561,CEDAR LAKE,WA
451276,669,56.4,1115,46.72,-122.9528,CENTRALIA,WA
451484,1959,19.5,1116,48.9672,-122.3292,CLEARBROOK,WA
451504,1538,585.2,1117,47.1856,-120.9469,CLE ELUM,WA
451630,260,474.6,1118,48.5472,-117.9019,COLVILLE,WA
451666,1665,707.1,1119,48.5467,-119.7492,CONCONULLY,WA
451939,2979,6.4,1120,47.3706,-123.16,CUSHMAN POWERHOUSE 2,WA
452007,2931,743.7,1121,47.6503,-118.1456,DAVENPORT,WA
452030,209,474.6,1122,46.3153,-118.0022,DAYTON 1 WSW,WA
452505,1538,451.1,1123,46.9692,-120.54,ELLENSBURG,WA
452675,1616,18.3,1124,47.9753,-122.195,EVERETT,WA
452914,259,106.7,1125,47.9558,-124.3539,FORKS 1 E,WA
453222,2373,499.9,1126,45.8081,-120.8428,GOLDENDALE,WA
454154,2150,118.9,1127,46.2111,-119.1011,KENNEWICK,WA
454748,391,7.6,1128,46.3675,-124.0378,LONG BEACH EXP STN,WA
454764,3086,841.9,1129,46.7492,-121.812,LONGMIRE RAINIER NPS,WA
454769,2446,3.7,1130,46.1506,-122.9164,LONGVIEW,WA
455224,3086,176.5,1131,47.1358,-122.2558,MC MILLIN RSVR,WA
455946,260,423.7,1132,48.9114,-117.8069,NORTHPORT,WA
456039,2931,466.3,1133,47.3286,-118.6997,ODESSA,WA
456096,2416,24.4,1134,48.6117,-122.8064,OLGA 2 SE,WA
458059,1993,387.1,1146,48.3511,-120.7267,STEHEKIN 4 NW,WA
458207,1618,227.7,1147,46.3236,-120.0103,SUNNYSIDE,WA
458773,2832,64.0,1148,45.6778,-122.6519,VANCOUVER 4 NNE,WA
458928,2591,355.4,1149,46.1,-118.2833,WALLA WALLA FAA AP,WA
459012,2131,798.6,1150,47.6478,-120.0697,WATERVILLE,WA
459074,1993,195.1,1151,47.4247,-120.315,WENATCHEE,WA
459238,2931,679.7,1152,47.7569,-118.6775,WILBUR,WA
459376,1665,534.9,1153,48.4539,-120.1936,WINTHROP 1 WSW,WA
461220,2464,443.5,1154,38.98,-80.2206,BUCKHANNON,WV
461330,2282,231.6,1155,39.2047,-81.1572,CAIRO,WV
463544,2794,216.4,1156,38.9339,-80.8325,GLENVILLE,WV
465224,2268,701.0,1157,37.8564,-80.4042,LEWISBURG 3 N,WV
465626,2335,335.3,1158,39.5436,-80.4647,MANNINGTON 8 WNW,WV
465707,2389,162.8,1159,39.4019,-77.9844,MARTINSBURG E WV RGNL,WV
466867,1554,556.6,1160,39.1031,-79.6658,PARSONS 1 NE,WV
466989,2334,877.8,1161,38.6667,-80.2,PICKENS 2 N,WV
467029,1827,390.1,1162,37.5744,-81.5356,PINEVILLE,WV
468384,1947,287.4,1163,38.8008,-81.3619,SPENCER,WV
469368,2857,201.2,1164,40.2753,-80.6119,WELLSBURG WTR TRMT PL,WV
469610,3166,231.6,1165,37.6731,-82.2761,WILLIAMSON,WV
469683,645,186.2,1166,38.5278,-81.9153,WINFIELD LOCKS,WV
470349,1406,198.1,1167,46.5831,-90.9678,ASHLAND EXP FARM,WI
470991,2118,329.2,1168,44.8558,-88.9889,BOWLER,WI
471078,1771,240.8,1169,42.6181,-89.3861,BRODHEAD,WI
472001,1280,292.6,1170,42.6708,-90.1183,DARLINGTON,WI
472839,1411,231.6,1171,43.7961,-88.4506,FOND DU LAC,WI
473405,1193,331.9,1172,44.1192,-89.5342,HANCOCK EXP FARM,WI
474546,2872,317.0,1173,42.8278,-90.7889,LANCASTER 4 WSW,WI
475017,3176,178.0,1174,44.0869,-87.6522,MANITOWOC,WI
475120,2558,377.0,1175,44.6319,-90.1314,MARSHFIELD EXP FARM,WI
475255,1831,448.1,1176,45.1308,-90.3439,MEDFORD,WI
475474,1082,221.3,1177,43.0719,-88.0294,MILWAUKEE MT MARY COL,WI
475516,1174,488.0,1178,45.8864,-89.7322,MINOCQUA,WI
475808,3081,310.9,1179,44.5297,-90.6383,NEILLSVILLE 3 SW,WI
475932,1801,243.8,1180,44.3589,-88.7189,NEW LONDON,WI
476208,1662,201.2,1181,44.8836,-87.9539,OCONTO 4 W,WI
476330,2632,228.6,1182,44.0206,-88.5581,OSHKOSH,WI
476718,3039,236.2,1183,43.5278,-89.4342,PORTAGE,WI
476827,1556,200.6,1184,43.0514,-91.135,PRAIRIE DU CHIEN,WI
476922,2117,181.4,1185,42.7022,-87.7861,RACINE,WI
478027,1267,335.3,1186,45.8236,-91.8761,SPOONER AG RES STN,WI
478110,2244,332.2,1187,44.9686,-90.9389,STANLEY,WI
478827,998,382.5,1188,43.5594,-90.8761,VIROQUA,WI
478919,386,251.5,1189,43.1742,-88.7364,WATERTOWN,WI
480140,2871,1962.0,1190,43.7728,-111.0339,ALTA 1 NNW,WY
480540,962,1169.5,1191,44.3789,-108.0314,BASIN,WY
456610,2201,579.1,1135,46.4686,-117.5894,POMEROY,WA
456624,259,27.4,1136,48.1139,-123.4317,PORT ANGELES,WA
456678,1268,30.5,1137,48.1161,-122.7586,PORT TOWNSEND,WA
456789,2955,775.7,1138,46.7564,-117.1911,PULLMAN 2 NW,WA
456914,391,9.1,1139,46.6533,-123.73,RAYMOND 2 S,WA
457059,2765,557.8,1140,47.1139,-118.3772,RITZVILLE 1 SSE,WA
457267,2955,592.8,1141,47.0894,-117.5931,SAINT JOHN,WA
457458,2224,5.8,1142,47.65,-122.3,SEATTLE URBAN SITE,WA
457507,3037,18.3,1143,48.4958,-122.2355,SEDRO WOOLLEY,WA
457773,2224,134.1,1144,47.5414,-121.8361,SNOQUALMIE FALLS,WA
457938,1666,717.2,1145,47.6217,-117.5281,SPOKANE INTL AP,WA
480552,1807,1831.8,1192,42.6339,-106.3775,BATES CREEK #2,WY
481675,2044,1868.4,1193,41.15,-104.8167,CHEYENNE WSFO AP,WY
481730,2143,1616.7,1194,41.7592,-104.8219,CHUGWATER,WY
481840,2457,1549.0,1195,44.5219,-109.0633,CODY,WY
481905,1363,1060.7,1196,44.8711,-104.1533,COLONY,WY
482595,638,1699.3,1197,43.2281,-108.9489,DIVERSION DAM,WY
482715,638,2119.9,1198,43.5397,-109.6553,DUBOIS,WY
483100,50,2080.3,1199,41.265,-110.9508,EVANSTON 1 E,WY
484065,1356,1852.3,1200,41.5314,-109.4767,GREEN RIVER,WY
485345,2871,2398.8,1201,44.5619,-110.3986,LAKE YELLOWSTONE,WY
485415,2456,2214.7,1202,41.3125,-105.6744,LARAMIE RGNL AP,WY
485830,2715,1551.4,1203,42.7506,-104.4811,LUSK 2 SW,WY
486195,1807,1481.3,1204,43.4131,-106.2772,MIDWEST,WY
486440,2871,2072.0,1205,43.8567,-110.5889,MORAN 5 WNW,WY
486660,2275,1315.2,1206,43.8581,-104.2136,NEWCASTLE,WY
487115,638,1658.1,1207,43.2458,-108.6942,PAVILLION,WY
487240,2044,1578.9,1208,41.1722,-104.1583,PINE BLUFFS 5W,WY
487260,3079,2193.0,1209,42.8797,-109.8642,PINEDALE,WY
487388,2457,1332.0,1210,44.7764,-108.7592,POWELL FLD STN,WY
487760,638,1510.3,1211,43.0308,-108.3742,RIVERTON,WY
487845,1356,2055.0,1212,41.5942,-109.0653,ROCK SPRINGS AP,WY
487990,1481,2069.6,1213,41.4528,-106.8053,SARATOGA,WY
488160,2567,1143.0,1214,44.8406,-106.8383,SHERIDAN FLD STN,WY
488995,3102,1249.1,1215,42.0803,-104.2236,TORRINGTON EXP FARM,WY
489615,2143,1413.7,1216,42.1106,-104.9492,WHEATLAND 4 N,WY
489770,993,1237.5,1217,44.0108,-107.9686,WORLAND,WY
489905,2457,1898.9,1218,44.9767,-110.6964,YELLOWSTONE PK MAMMOTH,WY
